date_received,product,sub_product,issue,sub_issue,consumer_narrative,company_public_response,company,state,tags,submitted_via,company_response,timely_response,consumer_disputed,year,month,has_narrative,product_normalised
2018-05-16,Debt collection,I do not know,Written notification about debt,Didn't receive enough information to verify debt,,Company has responded to the consumer and the CFPB and chooses not to provide a public response,"JH Portfolio Debt Equities, LLC",FL,,Postal mail,Closed with explanation,1,,2018,5,0,Debt collection
2015-09-22,Consumer Loan,Vehicle loan,Managing the loan or lease,,,,Santander Consumer USA Holdings Inc.,TX,,Referral,Closed with explanation,1,0.0,2015,9,0,Consumer Loan
2025-09-26,Debt collection,Other debt,Written notification about debt,Notification didn't disclose it was an attempt to collect a debt,"There are collection accounts on my report that I believe contain inaccurate information. Under my rights pursuant to 15 USC 1681e ( b ) and 15 USC 1681i, I am entitled to an accurate credit report. I request a review of these entries, and if they can not be verified as accurate, I ask that they be removed.",Company has responded to the consumer and the CFPB and chooses not to provide a public response,"TRANSUNION INTERMEDIATE HOLDINGS, INC.",TX,,Web,Closed with explanation,1,,2025,9,1,Debt collection
2020-02-29,Debt collection,Medical debt,Attempts to collect debt not owed,Debt was result of identity theft,PLUS FOUR INC ( XXXX XXXX ) is a result of identity theft. I recently discovered through my new monitoring service this account being reported I made efforts to remove this account from my file as the amount of {$0.00} does not belong to me. This account was fraudulently opened through this company in XXXX of 2014 an has been reported to the FTC and authorities as Identity theft. I have submitted all of my information needed to resolve this matter in this complaint and through the FTC report attached and do not feel comfortable giving any further information in any way to any others at this time due to the further possibilities of identity theft.,Company has responded to the consumer and the CFPB and chooses not to provide a public response,"PlusFour, Inc",NV,,Web,Closed with explanation,1,,2020,2,1,Debt collection
2025-06-05,Debt collection,I do not know,False statements or representation,Attempted to collect wrong amount,,Company has responded to the consumer and the CFPB and chooses not to provide a public response,"TRANSUNION INTERMEDIATE HOLDINGS, INC.",AZ,,Web,Closed with non-monetary relief,1,,2025,6,0,Debt collection
2025-03-06,Debt collection,Credit card debt,Attempts to collect debt not owed,Debt was paid,"Your Account Dispute has been updated. 
The incorrect account with XXXX XXXX XXXX starts with XXXX has not been changed and will remain on your credit report. 

Source : Experian Date Submitted : XX/XX/year> Report Number : XXXX Account Number : XXXX Company : XXXX XXXX XXXX XXXX : XXXX XXXX XXXX XXXX, XXXX XXXX MN XXXX This account was added back after it has been proven paid in full, they removed it as a collection account But same day added it to my credit profile as an account with a debt owed",Company has responded to the consumer and the CFPB and chooses not to provide a public response,Experian Information Solutions Inc.,AL,,Web,Closed with explanation,1,,2025,3,1,Debt collection
2021-11-22,Debt collection,I do not know,Threatened to contact someone or share information improperly,Talked to a third-party about your debt,"Portfolio Recovery Associates Inc unlawfully accessed my credit report, specifically XXXX, on XX/XX/21 without giving notification or receiving consent. I do not have a relationship with Portfolio Recovery Associates and never have. Accessing my credit or personal data is unlawful without consent and purpose under 15 USC and Consumer Law. 
My personal data has since been breached and I have been a victim of identity theft through bad debit purchases. A complaint with the FTC has also been filed.",,"Portfolio Recovery Associates, LLC",NJ,,Web,Closed with explanation,1,,2021,11,1,Debt collection
2026-02-17,Debt collection,I do not know,Took or threatened to take negative or legal action,Threatened or suggested your credit would be damaged,,Company has responded to the consumer and the CFPB and chooses not to provide a public response,"CITIBANK, N.A.",TX,,Web,Closed with non-monetary relief,1,,2026,2,0,Debt collection
2024-03-07,Mortgage,Conventional home mortgage,Struggling to pay mortgage,"Applying for or obtaining a modification, forbearance plan, short sale, or deed-in-lieu",,,Synovus Bank,FL,,Web,Closed with explanation,1,,2024,3,0,Mortgage
2015-01-08,Debt collection,Credit card,Communication tactics,Frequent or repeated calls,,,Gatestone & Co. International Inc.,NY,,Web,Closed with explanation,1,0.0,2015,1,0,Debt collection
2022-02-15,Credit card or prepaid card,General-purpose credit card or charge card,Problem with a purchase shown on your statement,Credit card company isn't resolving a dispute about a purchase on your statement,,Company has responded to the consumer and the CFPB and chooses not to provide a public response,"BANK OF AMERICA, NATIONAL ASSOCIATION",NJ,Older American,Postal mail,Closed with explanation,1,,2022,2,0,Credit card
2016-10-29,Credit card,,Billing disputes,,"Maintained a credit card with Discover Financial services, for 3+ years and did n't file a fraud complaint until 2 months ago. After filing a fraud affidavit and sending the fraud department supporting documentation, Discover Financial Services sent me 5 confirmation letters stating my funds have been credited as of the beginning of XXXX 2016. Upon checking my account everyday since beginning of XXXX, no funds have been credited. Discover financial services owes me over XXXX XXXX dollars in credits. 

Publish this complaint publicly, on the CFPB website, so consumers can publicly view the fraudulent tactics Discover Financial Services considers business as usual.",,DISCOVER BANK,NY,Servicemember,Web,Closed with explanation,1,0.0,2016,10,1,Credit card
2017-01-03,Consumer Loan,Vehicle loan,Managing the loan or lease,,,Company has responded to the consumer and the CFPB and chooses not to provide a public response,WELLS FARGO & COMPANY,FL,,Referral,Closed with monetary relief,1,0.0,2017,1,0,Consumer Loan
2026-02-01,"Money transfer, virtual currency, or money service",Mobile or digital wallet,"Managing, opening, or closing your mobile wallet account",,,,"Paypal Holdings, Inc",NY,,Web,Closed with explanation,1,,2026,2,0,Money transfer / service
2014-08-22,Debt collection,Credit card,Cont'd attempts collect debt not owed,Debt was paid,,,SYNCHRONY FINANCIAL,FL,,Web,Closed with explanation,1,1.0,2014,8,0,Debt collection
2024-10-01,Debt collection,Other debt,Written notification about debt,Notification didn't disclose it was an attempt to collect a debt,,Company has responded to the consumer and the CFPB and chooses not to provide a public response,"TRANSUNION INTERMEDIATE HOLDINGS, INC.",AZ,,Web,Closed with non-monetary relief,1,,2024,10,0,Debt collection
2024-06-17,Debt collection,Medical debt,Attempts to collect debt not owed,Debt is not yours,This company contacted me stating I owed a debt that didn't exist. I contacted the original healthcare provider to confirm this. The healthcare provider sent all supporting documents showing I owe no debts. This company stated to provide all supporting documents in which I did. Now they are not responding to me when I ask for confirmation. I have sent four emails asking for assistance. They only continue to send me letters in the mail and ignore what I have provided.,,Phoenix Financial Services LLC,IL,,Web,Closed with explanation,1,,2024,6,1,Debt collection
2025-04-11,Debt collection,Credit card debt,Took or threatened to take negative or legal action,Threatened or suggested your credit would be damaged,,Company has responded to the consumer and the CFPB and chooses not to provide a public response,WELLS FARGO & COMPANY,FL,Older American,Web,Closed with explanation,1,,2025,4,0,Debt collection
2016-08-01,Mortgage,FHA mortgage,"Application, originator, mortgage broker",,"First of let me say for a manager to start yelling at a customer is beyond belief. I reluctantly dealt with XXXX and it was one of the worst things I could do. She constantly made excuses, would not call me back or answer questions. I got answers from another lender. She told me that I did not qualify for a loan because the loan to debt ratio was XXXX. Another lender told me XXXX, and I called her numerous times because I wanted to know, would I qualify if I paid off my XXXX car loan. So it would not be considered debt if it were not there. She never even mentioned any other options after running my credit. She is unprofessional, rude and loud. She got angry because I questioned her lack of customer service, went off on me as though she was some street fighter and frankly she only embarrassed herself! Please allow me to send you the emails where she tried to send me to another company. I did not want to deal with her ecause of her poor customer service and you will see that in the emails. I cant believe you have such an unprofessional person in your employ. I would like to speak to the President of the company. She lied and manipulated me into allowing her to r run my credit information. I sent her all of the documentation and she claimed that she looked it over BEFORE to see if it were feasible to run my credit which I do n't believe she did. All she was interested in was running my credit. Also to try to send me to another lender without even trying to earn my business is disturbing. The emails outline the fact that she was ignoring me and I had to get answers from another lender. She never even gave me any alternatives to make the loan work. 
despite all of this, no 'PROFESSIONAL ' has the right to yell at a customer., tell them anything to run their credit then abandon the customer Here is her information XXXX XXXX , Sales Manager/Mortgage Loan Originator, XXXX # XXXX HomeBridge Financial Services , Inc . 
XXXX Member Preferred Lender XXXX XXXX XXXX XXXX XXXX, NJ XXXX o : XXXX c : XXXX f : XXXX e : XXXXXXXXXXXX",Company believes it acted appropriately as authorized by contract or law,"AMA Advisors, LLC.",CA,,Web,Closed with explanation,1,0.0,2016,8,1,Mortgage
2015-02-22,Mortgage,FHA mortgage,"Loan modification,collection,foreclosure",,,,"BANK OF AMERICA, NATIONAL ASSOCIATION",TN,Servicemember,Web,Closed with explanation,1,0.0,2015,2,0,Mortgage
2024-04-24,Debt collection,I do not know,Written notification about debt,Notification didn't disclose it was an attempt to collect a debt,"I recognize the importance of removing any inaccurate accounts from my credit report in accordance with FCRA 605B. Could you please review the documents? I've observed discrepancies in several listed accounts, which is troubling to me.",Company has responded to the consumer and the CFPB and chooses not to provide a public response,"TRANSUNION INTERMEDIATE HOLDINGS, INC.",PA,,Web,Closed with non-monetary relief,1,,2024,4,1,Debt collection
2023-01-23,Checking or savings account,Checking account,Managing an account,Fee problem,No matter how many times I used my card they was charging me additional fees.,Company has responded to the consumer and the CFPB and chooses not to provide a public response,WELLS FARGO & COMPANY,GA,,Web,Closed with explanation,1,,2023,1,1,Bank account / service
2021-01-10,Credit card or prepaid card,General-purpose credit card or charge card,Problem with a purchase shown on your statement,Credit card company isn't resolving a dispute about a purchase on your statement,,,DISCOVER BANK,PA,,Web,Closed with monetary relief,1,,2021,1,0,Credit card
2025-08-05,Debt collection,Other debt,Attempts to collect debt not owed,Debt was result of identity theft,,Company has responded to the consumer and the CFPB and chooses not to provide a public response,"SUNRISE CREDIT SERVICES, INC",WI,,Web,Closed with explanation,1,,2025,8,0,Debt collection
2020-11-19,Debt collection,Medical debt,Written notification about debt,Didn't receive enough information to verify debt,"Dispute Timeline I noticed on my credit report a collections account from American Capital ENT claiming I owe {$1800.00}. This debt is not mine and they will not respond to my request to remove this fraudulent item from my credit report.

File Name : Dispute Letter 1 XXXX XX/XX/XXXX 1st Dispute letter mailed on XX/XX/2020, with no response. 

File Name : USPS Certified Mail Receipt Receipt for 1st Dispute Letter being sent.

File Name : USPS Tracking Date Letter Received XX/XX/XXXX 1st Letter received by American Capital on XX/XX/2020. 

File Name : Credit Report American Capital XXXX XX/XX/XXXX I downloaded my credit report dated XX/XX/2020, with no mention in the comment section account being disputed by the consumer. 

File Name : Credit Report American Capital XXXX XX/XX/XXXX I downloaded my credit report 46 days later from the date the letter was received by American Capital, with no mention in the comment section that this account is being disputed by the consumer. 

File Name : Dispute Letter 2 XXXX XX/XX/XXXX 2nd Dispute letter sent to American Capital with no response.

File Name : USPS Certified Mail Receipt XX/XX/XXXX - Receipt for 2nd Dispute Letter being sent. 

File Name : USPS Tracking Date Dispute Letter Received XX/XX/XXXX - 1st Letter received by American Capital on XX/XX/2020.",Company believes it acted appropriately as authorized by contract or law,"American Capital Enterprises, Inc.",CA,,Web,Closed with explanation,1,,2020,11,1,Debt collection
2018-06-21,Checking or savings account,Other banking product or service,Closing an account,Can't close your account,,,GOLDMAN SACHS BANK USA,,,Phone,Closed with explanation,1,,2018,6,0,Bank account / service
2025-07-05,Debt collection,I do not know,Written notification about debt,Didn't receive enough information to verify debt,"I am writing in response to your recent correspondence by reporting to my credit report regarding the alleged debt you claim I owe. As per my rights under the Fair Debt Collection Practices Act ( FDCPA ) and the guidelines outlined by the Consumer Financial Protection Bureau ( CFPB ), I previously requested proper validation of this debt through the credit bureau. However, the information you provided does not constitute sufficient proof of my obligation to pay you. I was never properly notified of the debt in order to dispute it prior to reporting it to my credit report. I dont recall authorizing your company in particular to have a purpose to report with ANY signed agreement. Below is the letter I sent directly to this collection agency. I never received any follow up and my credit has been tarnished as a result of their unlawful collection reporting. 
"" To Whom it May Concern, I am writing to demand that you immediately cease all attempts to collect on the debt you allege I owe. I do not recognize this debt, and I am formally disputing its validity. Under the Fair Debt Collection Practices Act ( FDCPA ), specifically 15 U.S.C. 1692c ( c ), you must cease all further communication with me regarding this alleged debt, including phone calls, letters, emails, and any other forms of contact.

Account number : XXXX, I need to see all paperwork and contracts with my signature that would verify ownership. Remove this account immediately. 

Demand for Documentation In addition to ceasing all collection activity, I demand that you provide me with the following documentation to validate the debt : Agreement with Original Creditor : A copy of the agreement between your agency and the original creditor, authorizing you to collect on this debt. 

Original Agreement : A copy of the original agreement or contract with the original creditor that clearly shows my signature, proving that I agreed to the terms and conditions of the original debt.

Complete Chain of Title : A full and complete chain of title on this account, detailing each transfer or sale of the account from the original creditor to your agency, demonstrating that you have the legal right to collect this debt. 

Contract Confirming Debt Obligation to Your Agency : Any documentation that indicates I entered into an agreement with your agency, showing that I consented to pay this debt specifically to you. 

Additionally, I advise you that the original agreement includes an arbitration clause. Therefore, any legal action or dispute involving this debt should follow the arbitration process outlined in that agreement. Continuing collection attempts without adhering to the terms of the original contract may constitute a breach of contract.

Violations of the FDCPA By sending harassing collection letters, calling me repeatedly, and reporting this disputed debt to the credit bureaus without a permissible purpose, you are in direct violation of several provisions of the FDCPA, including but not limited to : 15 U.S.C. 1692d Prohibition Against Harassment : Repeated calls and letters from your agency constitute harassment, which is strictly prohibited under this section.

15 U.S.C. 1692e False or Misleading Representations : Reporting a disputed and unverified debt to the credit bureaus may be considered a misleading representation, as you have no confirmed basis for collecting this debt.

15 U.S.C. 1692f Prohibition of Unfair Practices : Attempting to collect a debt without proper validation or verification of its legitimacy is an unfair practice under the FDCPA.

15 U.S.C. 1681b Permissible Purpose Requirement : Reporting this alleged debt to credit reporting agencies without a legitimate permissible purpose is a violation of my privacy and rights under the Fair Credit Reporting Act ( FCRA ).

Final Demand for Deletion and Warning of Legal Action If the alleged debt is not fully validated and documented within 30 days, or if it is not deleted from my credit report, I will pursue arbitration or file a lawsuit for your violations of the FDCPA and FCRA. Additionally, I will seek monetary compensation for damages caused by your unlawful and harassing collection practices. 

Thank you for your immediate attention to this matter. I expect a prompt and complete response, along with the deletion of the alleged debt from my credit report within the specified timeframe. '' After sending this, I never received any proper notification prior to this account affecting my credit.",,Resurgent Capital Services L.P.,TX,,Web,Closed with non-monetary relief,1,,2025,7,1,Debt collection
2019-05-27,Mortgage,Conventional home mortgage,Trouble during payment process,,"Hello and thank you for offering this service, it is nice to know that there is a government entity that provides a place to be heard and hopefully justice kept inline because of it. 

What happened ; In XXXX XXXX XXXX approved me for a 30 year mortgage. I am in excellent standing with XXXX XXXX. 

XX/XX/XXXX I received a notification of assignment, sale or transfer of my mortgage loan to XXXX XXXX XXXX XXXX XXXX XXXX effective XX/XX/XXXX. 
I don't know what to do with this information. 

- XX/XX/XXXX XXXX XXXX sends me my monthly bill and statement, which I pay. 

- XX/XX/XXXX XXXX XXXX sends me my monthly bill and statement, which I pay. 

- XX/XX/XXXX I received a letter from Select Portfolio, stating that my loan will now be paid to SPS. Confused by this letter and no warning from XXXX XXXX I speak in person with two XXXX XXXX Mortgage agents, they too are confused and after many phone calls determine that I am to send my mortgage payments to SPS. 
I am upset that XXXX XXXX did not inform me. 

XX/XX/XXXX XXXX XXXX sends me my monthly bill and statement. Confused, I pay. 

XX/XX/XXXX I finally receive a transfer of servicing mortgage loan from XXXX XXXX to Select Portfolio Servicing. 

XX/XX/XXXX Select Portfolio servicing sends me a letter of their payment address. 

XX/XX/XXXX Select Portfolio servicing sends me my mortgage bill and statement. Which I pay. 

XX/XX/XXXX I received from XXXX XXXX Mortgage Company, a notice of assignment, sale or transfer of ownership of mortgage loan ; Select Portfolio Servicing. 
I am confused by this letter of yet another possible sale!? 

XX/XX/XXXX Select Portfolio servicing sends me my mortgage statement and bill, which I pay. 

XX/XX/XXXX Select Portfolio servicing sends me my annual escrow account disclosure statement and my new escrow payment amount. 

XX/XX/XXXX Select Portfolio servicing sends me my mortgage statement and bill, which I pay. 

XX/XX/XXXX Select Portfolio servicing sends me a notice of servicing transfer. 
Loan now transferred to XXXX XXXX XXXX XXXX. 

Complaint ; My loan was transferred twice almost three times in less than five months! 
Each time requires time and effort in setting up new company to pay. 
Is this legal, of so why? 
How many people are currently experiencing this and what is the intention behind the buying and selling of home loans? 

Thank you for your time and effort. 

- XXXX XXXX",Company believes it acted appropriately as authorized by contract or law,"SELECT PORTFOLIO SERVICING, INC.",CA,,Web,Closed with explanation,1,,2019,5,1,Mortgage
2019-08-07,Mortgage,Home equity loan or line of credit (HELOC),Struggling to pay mortgage,,"I was told that house was already sold and no one had contacted them. Then a few weeks later, told house not sold for foreclosure and new date is XX/XX/XXXX. I asked for a refund of the {$900.00}, emergency payment to stop foreclosure and told no refunds and still many other options. The man that asked for the {$900.00} phone payment, XXXX XXXX at XXXX XXXX XXXX, did so on a Friday and on the following Tuesday I was told house was sold, by Real Estate Agents. Tried to reach him in office but was out of office until the following Friday. Asked for refund and told no refunds allowed. Made several calls and spoke to ladies in office, but never heard from him again. Loan is with Bank of America, a Home Equity Loan, and in my husband 's name only. He passed away in XX/XX/XXXX, and Bank of America was given a death certificate. After that date, I was not allowed to receive any information regarding the loan and told my job was only to pay the monthly statements. I did until XX/XX/XXXX, and became behind on payments. Spoke to an attorney that referred me to Senator XXXX XXXX Office and XXXX XXXX, has been assisting me to get help with information regarding this loan. He put me in contact with XXXX XXXX, Resolutions Specialist. Had a couple of phone contacts, then a taped phone interview. Told me he would send me five documents I asked for a something in writing on Bank of America Letterhead, that he did a loan search and found that no other names had ever been on this loan and that a Power of Attorney, was not involved in the loan history. I did not receive the documents or letter from him, regarding our conversation on the taped phone call on XX/XX/XXXX. I waited ten days and then went to my local Bank of American Bank and they got the information I needed to contact the Loan Retention Department. Got XXXX XXXX and she got busy explaining how things worked and that I needed to be a Successor to receive information. She checked XXXX XXXX 's nots on loan history file and saw that he approved the "" Successor '' status for me to get information on XX/XX/XXXX. I told her it has been two weeks and no paperwork. She got busy and sent me the original paperwork, with my husband 's name on it, the loan settlement statement the loan history and the load pay off date and amount. The loan line of credit, approximately {$50000.00}, with transaction information, did not show up with the other four documents I am still in the process of trying to get a copy of those documents, with XXXX XXXX, XXXX XXXX and XXXX XXXX, have not responded and have concerns about the final date to pay off my husband 's loan being XX/XX/XXXX, without the complete paperwork and the time to seek legal and financial advice, regarding it's status and how it is going to impact whether or not I will be able to sell house and pay off both loans on the house and unsecured credit, as planned. Getting threating telephone calls from XXXX XXXX XXXX, a company I am not familiar with. The most recent caller has been a man named XXXX XXXX, but several other men and women calling my unlisted number and no idea who they are. The calls tell me to call the number XXXX, or I will have a lot of unpleasant legal things happen to me. Must call immediately and they all ended with sarcastic wishes for Good Luck. The only banks I am dealing with are Bank of America, for the Home Equity Loan in my husband 's name and XXXX / XXXX XXXX, represented by XXXX XXXX XXXX. I have been told by Mr. XXXX in Congresswoman 's Office, working on this, that I have been given until end of XX/XX/XXXX to deal with Original Mortgage in my name. XXXX XXXX XXXX 's office phone number is XXXX and her fax # is XXXX. They have copies of the transactions between both XXXX XXXX XXXX and Bank of America, and been in contact with them since XX/XX/XXXX. When I could not get paperwork from bank of America, a local attorney, suggested I contact them and ask for their help. They have been wonderful in navigating this difficult situation. During this entire process a great deal of confusion as to who was foreclosing. The company that handles the paperwork in our area, XXXX XXXX, did not list the name of the bank and not until three days before the first foreclosure date was scheduled, we were all under the impression that the foreclosure was for the home mortgage and that XXXX was foreclosing. Asked Bank of America to have their name listed on the paperwork sent out. There was one notice that listed the name of a XXXX / XXXX employee and that lead us all to believe it was the mortgage company as we all have been working with them. It turned out to be Bank of America and since we had not heard form them in months, had no idea. Did get updated, XXXX XXXX document with Bank of America on the paperwork. The attorney 's that are representing Bank of America on the foreclosure are XXXX XXXX, at XXXX. Don't know if they can be helpful or not.",Company has responded to the consumer and the CFPB and chooses not to provide a public response,"BANK OF AMERICA, NATIONAL ASSOCIATION",NV,Servicemember,Web,Closed with explanation,1,,2019,8,1,Mortgage
2016-09-22,Debt collection,Credit card,Cont'd attempts collect debt not owed,Debt was paid,,,Resurgent Capital Services L.P.,IL,,Web,Closed with explanation,1,0.0,2016,9,0,Debt collection
2023-11-02,"Payday loan, title loan, personal loan, or advance loan",Personal line of credit,Problem with a company's investigation into an existing problem,Difficulty submitting a dispute or getting information about a dispute over the phone,"Good Day I hope this letter finds you well. I am writing to request your attention in addressing a late payment that was reported to the credit bureaus by Truist Bank. The late payment occurred on or around XX/XX/2023 and was associated with my account, Lightstream Account XXXX. I understand the importance of maintaining a positive credit history and am committed to rectifying this matter by speaking with you. 

I would like to reference my previous communication and fully respect your commitment to ensuring your customers are fully understood. This was an isolated incident which was not my fault but it seems that all communication till this point has not experienced the expected empathic touch, especially in a business that deals with customers daily. 

I am reaching out to request a goodwill gesture from Truist Bank to have the late payment removed from my credit report as a current good-standing customer. It has to mean something to XXXX that there was an issue with the system somewhere that caused this isolated incident. Does this error by your system mandate a total destruction of my credit profile even as my account is being debited monthly? 

I kindly ask for your consideration in granting this request. The removal of this late payment from my credit report would greatly benefit my financial standing and provide me with an opportunity to rebuild my credit history. 

I kindly request that you review my account and, if possible, initiate the process to remove the late payment entry from my credit report. Your assistance in this matter would be greatly appreciated. 

Please feel free to contact me at XXXX or XXXX if you require any additional information or if you need to discuss this request further. 

Thank you for your attention to this matter, and I look forward to a positive resolution. 

I really look forward to speaking with you sometime soon. 

Sincerely, XXXX XXXX",Company has responded to the consumer and the CFPB and chooses not to provide a public response,TRUIST FINANCIAL CORPORATION,MA,,Web,Closed with explanation,1,,2023,11,1,Payday loan / title / personal
2015-05-14,Prepaid card,Gift or merchant card,Fees,,,Company chooses not to provide a public response,"SUNTRUST BANKS, INC.",MD,,Referral,Closed with monetary relief,1,0.0,2015,5,0,Credit card
2025-03-28,Debt or credit management,Mortgage modification or foreclosure avoidance,Confusing or missing disclosures,,"I was informed by Dean Morris and XXXX XXXX XXXX that I was serviced with documents regarding the default of my mortgage but I was not. On the documents used for verification that were previously sent these documents were served to my husband. At the time of service, I was not living there due to separation. I had a completely new address. I need proof that I was served with papers because during the time frame that documents were delivered ... No documents were served to me. I had a court date for separation during the same time period. Review of court documents will show the proceedings in XXXX XXXX. As a legal homeowner and financial obligee, I am entitled to due process and proper notification laws just like everyone else.",,"Dean Morris, L.L.P.",LA,,Web,Closed with explanation,1,,2025,3,1,Debt or credit management
2017-05-04,Credit card or prepaid card,General-purpose credit card or charge card,"Other features, terms, or problems",Problem with rewards from credit card,On   XXXX   XXXX   XXXX     I went to redeem some points to purchase an   XXXX   XXXX   XXXX    XXXX   tablet . By mistake I entered it twice. There is no page before submitting order to check for correctness or edit anything so I did not realize I had ordered  XXXX  in error. Withi n 5 mi nutes I called the company & they stated it is their policy not to allow returns or refunds & they could not cancel the second order. Now I am out  XXXX  points & receiving  XXXX   XXXX  when I only want & need one. The credit card company is Elan Financial Services,Company has responded to the consumer and the CFPB and chooses not to provide a public response,U.S. BANCORP,NY,Older American,Web,Closed with non-monetary relief,1,,2017,5,1,Credit card
2015-08-12,Mortgage,Other mortgage,"Loan modification,collection,foreclosure",,,Company chooses not to provide a public response,"BANK OF AMERICA, NATIONAL ASSOCIATION",NC,,Referral,Closed with explanation,1,0.0,2015,8,0,Mortgage
2024-09-23,Debt collection,I do not know,Attempts to collect debt not owed,Debt is not yours,,,"W&A Intermediate Co., LLC",IL,,Web,Closed with explanation,1,,2024,9,0,Debt collection
2015-08-27,Mortgage,Conventional adjustable mortgage (ARM),"Loan servicing, payments, escrow account",,"We received the attached demand letter, on XXXX/XXXX/2015. After receiving a resolution letter from Nationstar on XXXX/XXXX/2015, we thought we resolved this issue. I called Nationstar Mortgage, Customer service did not know how to handle directed me to consumer relations. I called ( XXXX ) XXXX spoke with XXXX on XXXX/XXXX/15 & she said that she can not give any explanation nor any status and our Attorney has call on our behalf. I told her we do not have attorney representing us and she told me to write a letter stating so. We do not understand why they can not provide us straight answers. Nationstar is demanding {$9400.00} and we want to know how & why they came up with this amount as we have been sending in our monthly payments every month and have sent in cleared checks to prove the checks have cleared thru Nationstar.",,NATIONSTAR MORTGAGE LLC,CA,,Web,Closed with explanation,1,1.0,2015,8,1,Mortgage
2018-08-02,Checking or savings account,Checking account,Managing an account,Problem accessing account,,,FIFTH THIRD FINANCIAL CORPORATION,MI,,Referral,Closed with explanation,1,,2018,8,0,Bank account / service
2022-11-05,Debt collection,Auto debt,Attempts to collect debt not owed,Debt was paid,,,"CarMax, Inc.",NJ,,Web,Closed with explanation,1,,2022,11,0,Debt collection
2025-07-08,Debt collection,I do not know,Communication tactics,Frequent or repeated calls,Portfolio Recovery calls and texts me repeatedly multiple times per week. Before XXXX XXXX,,"Portfolio Recovery Associates, LLC",NV,,Web,Closed with non-monetary relief,1,,2025,7,1,Debt collection
2023-09-01,Prepaid card,Gift card,Trouble using the card,Trouble using the card to spend money in a store or online,"I purchased a pre-paid American Express Gift Card at a local XXXX for {$72.00} XXXX attempted to purchase goods at two online stores ; XXXX XXXX and XXXX. I had sufficient funds for both purchases. Both were declined. No good reason other than to "" select a different payment method ''. 

I contacted both merchants and they claimed it was an Amex Gift Card issue. 

I contacted American Express and they stated it was an issue with the merchants and I should try another online store. 

Several online discussion boards are posting hundreds of comments that it is virtually impossible to use an Amex gift card online. 

This is fraud",,AMERICAN EXPRESS COMPANY,MA,,Web,Closed with monetary relief,1,,2023,9,1,Credit card
2023-06-22,Debt collection,Credit card debt,Attempts to collect debt not owed,Debt is not yours,"I received this SMS message on XXXX at XXXX PT for a credit card collection that I have never had. The sender 's phone number is XXXX _______________________________________ This message is from Spring Oaks Capital , LLC. 

We have options available to help you pay off the debt on your account. Pay off the balance of your account with payments of {$71.00} per month for 9 months. 

To set up a payment plan, visit XXXX. Have questions? Reply to this text or call XXXX. We have agents ready to respond during normal business hours. 

This message is regarding your XXXX XXXXXXXX account originated by XXXX Bank, which is now owned by Spring Oaks Capital SPV , LLC. 

We are a debt collector. Click here for important disclosures https : XXXX. Reply STOP to opt out.",,"Spring Oaks Capital, LLC",WA,,Web,Closed with explanation,1,,2023,6,1,Debt collection
2024-06-06,Debt collection,I do not know,Written notification about debt,Notification didn't disclose it was an attempt to collect a debt,"I recognize the significance of eliminating any erroneous entries from my credit report, as required by FCRA 605B. Would you mind examining the documents? I've identified several accounts that appear to be inaccurate, and this is troubling to me.",,"EQUIFAX, INC.",IN,,Web,Closed with explanation,1,,2024,6,1,Debt collection
2019-08-20,Credit card or prepaid card,Store credit card,Getting a credit card,Application denied,"I applied to Home Depot for a credit card to finance wall to wall carpeting.  This credit card offers interest free financing and $XXXX credit toward the purchase.  I already paid the measuring fee of $XXXX.     Before the purchase was complete I was advised that I had been declined for the credit card.  No reason for the denial was given.  I later received a letter from Home Depot Credit Services citing the reason for denial as “History of delinquent credit obligations”. I was referred to XXXX  for information on which Home Depot relied for this denial. I did not receive any adverse action notices.     I reviewed the credit report from XXXX and my record is absolutely clean.  All accounts I have open are in good standing with no delinquencies reported.  Four years ago I was forced to file bankruptcy, and even then I paid my credit cards up to the filing date so there were no delinquencies.  I have worked hard to re-establish my credit and now have a Good credit rating.        Under ECOA, it is unlawful for any creditor to discriminate against any applicant with respect to any aspect of credit.  I am a female senior citizen with a veteran spouse.  Denying credit for a blatantly false reason is unlawful and discriminatory.  There was no reason for this denial and Home Depot’s callus disregard for the facts of my credit has now gained me a credit inquiry to damage my credit further.  To deny me credit was reckless and a willful disregard for the truth. It was unwarranted and their decision should be reversed.  In their response I ask that they file only a truthful statement and that they refrain from adding any additional requirements or reasons for the credit denial.     And finally, I respectfully request they stop the Robocalls to my home everyday telling me to complete my carpeting purpose.  This is completely negligent on their part in not maintaining a check and balance against purchase/credit transactions.     This case has been referred to CFPB because they stop unfair, deceptive and/or fraudulent business practices.",Company has responded to the consumer and the CFPB and chooses not to provide a public response,"CITIBANK, N.A.",SC,"Older American, Servicemember",Web,Closed with explanation,1,,2019,8,1,Credit card
2020-10-15,Checking or savings account,CD (Certificate of Deposit),Managing an account,Deposits or withdrawals,,Company has responded to the consumer and the CFPB and chooses not to provide a public response,U.S. BANCORP,TN,,Referral,Closed with explanation,1,,2020,10,0,Bank account / service
2019-06-06,Debt collection,Credit card debt,Attempts to collect debt not owed,Debt is not yours,,Company has responded to the consumer and the CFPB and chooses not to provide a public response,"TRANSUNION INTERMEDIATE HOLDINGS, INC.",GA,,Web,Closed with explanation,1,,2019,6,0,Debt collection
2015-04-18,Consumer Loan,Vehicle loan,Problems when you are unable to pay,,The last payment made on this Account was XXXX,,CAPITAL ONE FINANCIAL CORPORATION,IL,,Web,Closed with explanation,1,1.0,2015,4,1,Consumer Loan
2017-02-16,Student loan,Federal student loan servicing,Dealing with my lender or servicer,Don't agree with fees charged,I have a student loan thru Navient I have been paying on the loans but over the years instead of the loan amount decreasing they have been increasing.,,"Navient Solutions, LLC.",LA,,Web,Closed with explanation,1,0.0,2017,2,1,Student loan
2023-09-28,Debt collection,Credit card debt,Took or threatened to take negative or legal action,Sued you without properly notifying you of lawsuit,Alridge Pite Haan has garnished my wages. I am a XXXX parent. This law firm went ahead and garnished my wages for a debt without allowing me to settle thru a payment arrangement. As a result I am not able to pay my rent. I am a state employee and a XXXX  mother on very low income. I have made repeated attempts to both call their office and filled out a online payment settlement letter request form more than once. All attempts have been ignored. I emailed them this morning and they stated that someone would contact me. I then attempted to call their office six or seven times and left messages. I still haven't received any responses. This garnishment has placed me in a state of homelessness because I was unable to make my rental obligation.,,"Aldridge PIte Haan, LLP",GA,,Web,Closed with explanation,1,,2023,9,1,Debt collection
2015-06-08,Mortgage,Other mortgage,Other,,,,PNC Bank N.A.,CA,,Postal mail,Closed with explanation,1,0.0,2015,6,0,Mortgage
2023-06-11,Debt collection,I do not know,Attempts to collect debt not owed,Debt is not yours,,,"Synerprise Consulting Services, Inc.",TX,,Web,Closed with explanation,1,,2023,6,0,Debt collection
2021-06-08,"Money transfer, virtual currency, or money service",International money transfer,Wrong amount charged or received,,,Company believes complaint is the result of an isolated error,NAVY FEDERAL CREDIT UNION,NC,Servicemember,Phone,Closed with monetary relief,1,,2021,6,0,Money transfer / service
2015-02-27,Mortgage,FHA mortgage,"Loan modification,collection,foreclosure",,,,M&T BANK CORPORATION,MD,,Web,Closed with explanation,1,0.0,2015,2,0,Mortgage
2022-01-27,Student loan,Federal student loan servicing,Dealing with your lender or servicer,Received bad information about your loan,"I'm currently pursuing PSLF through FedLoan Servicing, and they have completely erased my entire history of PSLF payments. 

In XXXX of 2021 I was at roughly 82 qualifying payments towards PSLF ( pre-waiver rules ), but should be near or at forgiveness when the Limited Waiver is applied. However, as of XX/XX/2021 FedLoan has erased my entire PSLF history and it is now set to 0 with no explanation, especially in the context on the new Limited Waiver. 

I originally filed a complaint through the FSA with the Ombudsman, who helped get my pre-limited waiver PSLF payment counts to that 82. When my PSLF payment count dropped to 0 in XXXX I filed a new complaint with the Ombudsman, but they have put my request in "" pending '' status and say that the error is "" stuck '' with FedLoan. I have not been able to get any help from FedLoan or the Ombudsman in moving my complaint case forward. 

I am asking for my payment counts to be restored and for the limited waiver to be applied to update my now eligible past payments as I am either near forgiveness or should already have my loans forgiven under the PSLF Limited Waiver.",,AES/PHEAA,CA,,Web,Closed with non-monetary relief,1,,2022,1,1,Student loan
2013-03-29,Bank account or service,Savings account,Deposits and withdrawals,,,,BANCO POPULAR DE PUERTO RICO,PR,,Referral,Closed with explanation,1,0.0,2013,3,0,Bank account / service
2021-07-06,Student loan,Federal student loan servicing,Incorrect information on your report,Information belongs to someone else,,Company believes it acted appropriately as authorized by contract or law,"Nelnet, Inc.",CA,,Web,Closed with explanation,1,,2021,7,0,Student loan
2013-02-26,Mortgage,Other mortgage,Other,,,,WELLS FARGO & COMPANY,IL,,Postal mail,Closed with non-monetary relief,1,1.0,2013,2,0,Mortgage
2025-01-21,Checking or savings account,Other banking product or service,Managing an account,Problem making or receiving payments,My information was used fraudulent with my bank account using zelle,,"Early Warning Services, LLC",NY,,Web,Closed with explanation,1,,2025,1,1,Bank account / service
2022-04-05,Checking or savings account,Checking account,Managing an account,Problem using a debit or ATM card,"I live in California, was on a vacation in XXXX, Tennessee. During my time there ( XXXX ), my card was charged for Gas in the amount of {$26.00} with the location saying "" city, Florida '' XXXX XX/XX/22. I have never been to Florida, I don't know anyone in Florida, and have never given my card number or authorized anyone to use my bank account information. When I contacted Chase, they filed a claim and reimbursed the funds. A few days later on XX/XX/22 they then sent me a letter stating that after investigation they feel that the charge was valid and authorized. It makes no sense that I was in Tennessee, and all my charges prior to and after that Florida charge were in Tennessee. They said the extent of their investigation was that the PIN number was correctly input on the first attempt, and that they can't reverse it. Due to the fear of my account being compromised, I withdrew then entirety of my funds. I also received an email with an invoice that someone from New Mexico ordered personal checks with their name and address information on them from XXXX, Chase 's check company partner, with my bank account information on it. This tells me that my bank account is completely compromised, and Chase is doing nothing to help me resolve the situation. There is no safety and security from Chase in this.",,JPMORGAN CHASE & CO.,CA,,Web,Closed with explanation,1,,2022,4,1,Bank account / service
2022-10-26,Mortgage,Conventional home mortgage,Applying for a mortgage or refinancing an existing mortgage,,,Company has responded to the consumer and the CFPB and chooses not to provide a public response,WELLS FARGO & COMPANY,VA,,Web,Closed with explanation,1,,2022,10,0,Mortgage
2024-06-17,Checking or savings account,Checking account,Closing an account,Company closed your account,"I opened an account by the name of XXXX XXXX XXXX XXXX with a wells fargo representative in XXXX XXXXXXXX XXXX, on or around XX/XX/year>, the representative told me they would send me a debit card so I can use it at an ATM to make deposits on the go. They stated they would wait and not penalize me for the wait for receiving my account information. I waited for but never received this debit card, Meanwhile Wells Fargo began to charge my account for inadequate balance and eventually closed my account.",Company has responded to the consumer and the CFPB and chooses not to provide a public response,WELLS FARGO & COMPANY,CA,Servicemember,Web,Closed with explanation,1,,2024,6,1,Bank account / service
2022-09-08,Mortgage,FHA mortgage,Trouble during payment process,,"Right after Covid started. I went on a forbearance with my Mortgage company. At the very end of my forbearance we decided to do a loan modification. This was in XXXX of 2022. After 4 different attempts to send them back all the necessary paperwork notarized to finalize the deal they finally accepted it. All three of the first three attempts that had to be resubmitted were errors by XXXX XXXX. Not errors by me. So from XXXX when the process started until the beginning of XXXX after the fourth time sending everything in it was finally accepted on their end. After trying for a couple months to sign into their website to navigate and learn it I was finally able to in late XXXX. In the midst of all this XXXX XXXX sold my Loan to a company called Right Path servicing. It wont let me navigate certain things and wont let me make any kind of payment. My biggest concern is that at the top of the website when i sign in, it says account under review by underwriting. It also says that once all notarized papers are processed the account will be unlocked as soon as everything passes. Thats kinda strange to me because they accepted the modification in XX/XX/2022. The reason it took over 5 months to get everything worked out is because the first three times they sent the packet to me it was wrong and all were errors on their end. And now we are in XXXX and it still says that I cant make any kind of payment on my account and that all my stuff is being reviewed 9 months later. They have been calling me every day for the last 5 months telling me the same thing everytime, that they are a debt collector, etc, etc. I always ask them the same thing. Why is my paperwork still being reviewed 8-9 months later? Nobody can give me an answer at all. I refuse to make my payments that were slated to start on XX/XX/XXXX, because nothing is finalized on their end yet. Its strange because my payment went up and so did my mortage rate as well.Im honestly contemplating doing a refinance with a different company just to get away from this company all together. Before Covid i made all my payments on time and never had any issues. I fell on some hard times and it is what it is. I would really like to see what my options are please. I really dont want to lose my house. I can make the XXXX, XXXX, and XXXX payments if needed but I just dont know why the papers are still being reviewed after all this time. Please help me with some options. Thanks and Have a good day.",,Mr. Cooper Group Inc.,MI,,Web,Closed with explanation,1,,2022,9,1,Mortgage
2018-04-21,Debt collection,Other debt,False statements or representation,Attempted to collect wrong amount,"I have send certified letters to ATG regarding the alleged education debt on XX/XX/XXXX, certified letters to XXXX, XXXX and XXXX XXXX regarding the debt and have not received any resolution. 
I also sent a certified letter ( on XX/XX/XXXX ) requesting evidence and verification of the debt and ATG sent incomplete verification, debts in a different amount than what they are showing as a collection on my credit report and they are trying to collect funds from a VERY OLD DEBT from XX/XX/XXXX. This alleged debt that is incorrectly showing on my credit report is from XX/XX/XXXX ( 7 years ago ) so it is a very old debt as well. 

Please help me in getting this fixed with ATG.",Company believes it acted appropriately as authorized by contract or law,"ATG Credit, LLC",IL,,Web,Closed with explanation,1,,2018,4,1,Debt collection
2018-01-23,"Payday loan, title loan, or personal loan",Title loan,Problem with the payoff process at the end of the loan,,"My husband XXXX XXXX XXXX XXXX 2017 after this happened I sent the appropriate documentation to the loan office which is OneMain Financial used to be called Springleaf Financial I was then told that my husband had credit life insurance and then it would cover the remaining balance of the loan and I would be mailed the titles to the vehicles. However when I asked XXXX the branch manager XXXX in XXXX office he said that he could not give me any documentation he was rude to me gave me the run-around and told me I need to get a court order to get documentation all I wanted was to handle my husband 's affairs I feel like they were unprofessional did not answer my questions I would like his account investigated and looked upon because I am doubting the accuracy of the numbers since this this loan was just modified XXXX and I 've been making numerous payments I 've been and I 'm wondering why I can not get his file nor get answers I want to look into and if needed I would like corrective action taken to anyone who has been doing unethical things on behalf of my XXXX husband and if I 'm owed money or it needs to go to an account for a trust that I want it I want to be notified. 
I believe that there is money due back to the benefactor which would be me next to XXXX please look into this matter of the utmost importance.",,"ONEMAIN FINANCIAL HOLDINGS, LLC.",IN,Servicemember,Web,Closed with explanation,1,,2018,1,1,Payday loan / title / personal
2018-06-04,Credit card or prepaid card,General-purpose credit card or charge card,"Other features, terms, or problems",Other problem,,,DISCOVER BANK,PA,,Web,Closed with explanation,1,,2018,6,0,Credit card
2018-07-13,Debt collection,Other debt,Written notification about debt,Didn't receive enough information to verify debt,,Company can't verify or dispute the facts in the complaint,"CCS Financial Services, Inc.",CA,,Web,Closed with explanation,1,,2018,7,0,Debt collection
2024-12-09,Vehicle loan or lease,Loan,Struggling to pay your loan,Denied request to lower payments,"Loan Overview : - Date Financed : XX/XX/XXXX - Loan Amount Financed : {$36000.00} - APR : 24 % - Loan Term : 73 months - Monthly Payment : {$970.00} - Payoff Amount Quoted ( XXXX XXXX ) : {$36000.00} - Total Paid to Date ( 21 months ) : {$18000.00} - Current Principal Balance : {$34000.00} - Fees & Charges : {$1400.00} - Vehicle : XXXX XXXX XXXX, XXXX miles - Estimated Vehicle Value ( XXXX ) : {$24000.00} {$28000.00} I am filing this complaint against American Credit Acceptance ( ACA ) as a co-signer on the above-mentioned auto loan. While I have not been contacted directly by ACA, I am legally responsible for this debt, and I have experienced direct financial harm due to ACAs predatory lending practices, unjustified fees, and refusal to provide transparency about the payments made on this account. I have witnessed how ACAs actions have caused my credit to be negatively impacted and how their excessive loan balance has prevented me from helping the primary borrower refinance the loan through reputable lenders. 

This loan has become a financial and emotional burden. I co-signed this loan to support the primary borrower, but I now see that ACA 's structure was never intended to help borrowers succeed. Despite making over {$18000.00} in payments over 21 months, only {$2400.00} has been applied to reduce the principal. Meanwhile, ACA claims that the payoff balance is {$36000.00}, which is almost identical to the original loan balance of {$36000.00}. This discrepancy makes no logical sense after nearly 2 years of payments. 

Worse, attempts to refinance the loan through major lenders like XXXX XXXX XXXX XXXX XXXX XXXX XXXX XXXX XXXX and XXXX have all been denied. Each lender cited that the payoff amount is far higher than the actual value of the car, making it impossible to refinance. This leaves me financially trapped as a co-signer because I am legally responsible for a debt that can not be paid off, can not be refinanced, and continues to grow through fees and interest. This is the definition of predatory lending. 

1. Minimal Principal Reduction Despite Substantial Payments I am responsible for this loan, but I have no control over how ACA allocates payments. Despite {$18000.00} in payments made, the principal has only been reduced by {$2400.00}, while over {$16000.00} has gone to interest, fees, and penalties. This is a clear misapplication of payments and does not align with basic principles of simple interest loans.

According to ACA, this is a simple interest loan, which means payments should be applied to interest and principal according to the terms of the contract. However, the vast majority of payments are being directed toward fees and interest, and ACA refuses to provide an itemized breakdown. I have been left in the dark about how payments are being applied, and despite repeated requests from the primary borrower, ACA has never provided a clear payment history. 

As a co-signer, I have the right to see how payments are being handled and how fees are being applied. If I am legally responsible for this loan, I have the right to know how payments are being allocated. 

2. Excessive and Unjustified Fees The most recent payoff statement from ACA shows a total of {$1400.00} in fees and charges, but I have never received an explanation for these fees. The primary borrower requested an itemized breakdown, but ACA did not provide one. These fees seem to grow over time, and there is no clear logic as to how they were calculated. 

If I am being held responsible for fees as a co-signer, I deserve to know how they were calculated, whether they are legitimate, and how they are being applied. I believe these fees are excessive and designed to inflate the balance to keep the loan in a negative-equity position. I believe this practice is illegal, deceptive, and violates fair lending principles. 

3. Grossly Inflated Payoff Balance ( 150160 % Loan-to-Value ) The payoff balance is {$36000.00}, which is almost identical to the original loan amount of {$36000.00}, even though over {$18000.00} has already been paid. At the same time, the vehicle 's current value ( based on XXXX XXXX XXXX ) is only {$24000.00} to {$28000.00}. This leaves a Loan-to-Value ( LTV ) ratio of 150160 %, far beyond industry standards for reasonable loans. 

Because of this inflated LTV, I have been unable to help the primary borrower refinance this loan through other lenders. We submitted refinancing applications to XXXX XXXX XXXX XXXX XXXX XXXX XXXX XXXX XXXX XXXX XXXX, but each lender denied the application. The reason for denial was the same each time : the loan balance is too far above the value of the car. This is a clear sign that ACA 's lending practices are not consistent with fair lending principles. 

4. Predatory Lending and Debt Trap As a co-signer, I was led to believe that I was signing up for a fair and manageable loan. But after nearly 2 years, I have seen how ACAs predatory lending structure is designed to trap borrowers in debt they can not escape. 

Heres why I believe ACAs practices are predatory : - Payments are disproportionately allocated to fees and interest, with only 13 % applied to principal.

- The LTV ratio is inflated so high ( 150160 % ) that it prevents borrowers from refinancing. 
- The fees are excessive, unexplained, and appear to be used to maintain the balance, even as payments are made. 
- ACA refuses to provide transparency or full payment breakdowns. 

The result is that I am financially trapped in a loan that I can not refinance, can not resolve, and can not pay off. This is not just financially burdensome it is emotionally exhausting. 

If ACA fails to resolve this matter, I am prepared to escalate my complaint to the state attorney general. I have been financially harmed as a co-signer and left with no way to refinance or settle the loan. I believe ACA has engaged in predatory lending practices, which violate fair lending principles. 

I agreed to co-sign this loan in good faith, but I have now seen how ACA traps borrowers in debt they can not escape. I have experienced credit score damage because the balance never seems to go down, and Ive had to endure the stress of being legally responsible for a debt I can not control. I ask that the CFPB hold ACA accountable for its unfair practices and demand transparency, fairness, and equity.",,"American Credit Acceptance, LLC",PA,,Web,Closed with explanation,1,,2024,12,1,Vehicle loan / lease
2022-04-10,Credit card or prepaid card,Store credit card,Fees or interest,Problem with fees,"XXXX XXXX Genesis FS Card Service is all of a sudden charging a way higher monthly charge when my balance is actually less than it's been in a year. 
I have a {$1500.00} Credit limit. I currently carry a balance of {$810.00} and they are charging me a monthly charge of {$90.00}. I called them on XX/XX/XXXX @ XXXX and disputed the charge. They couldn't explain why the sudden increase and said they would have someone call me regarding the dispute. That never happened. The fact is that in the past my balance/ monthly charge have been the following.. 
XX/XX/XXXX {$870.00} {$72.00} monthly charge XX/XX/XXXX {$950.00} {$73.00} XXXX/XXXX {$930.00} {$47.00} XX/XX/XXXX {$970.00} {$49.00} XX/XX/XXXX {$1000.00} {$53.00} XX/XX/XXXX {$1100.00} {$55.00} XX/XX/XXXX {$1100.00} {$59.00} XX/XX/XXXX {$1200.00} {$64.00} XX/XX/XXXX {$1200.00} {$63.00} XX/XX/XXXX {$1300.00} {$66.00} XX/XX/XXXX {$1300.00} {$69.00} XX/XX/XXXX {$1400.00} {$70.00} This is the last statement available on line. 

But as you can see, I've carried higher balances and my monthly has adjusted accordingly. But when I asked them to explain how they came upon charging me {$90.00} they said it was due to the purchase I made back in XX/XX/XXXX. Funny, because my statement with my charges from XXXX were posted on my bill due on XX/XX/XXXX, since the statement closing date is XX/XX/XXXX. In the month of XX/XX/XXXX I also paid down my card making a total of {$880.00} and the new purchases were in the amount of {$190.00} and {$690.00} ( which has a promotional 0 % until XX/XX/XXXX ). 
Are they trying to penalize me for paying down my card?? I paid off 90 % of my previous balance before the closing of XXXX and all of a sudden starting XX/XX/XXXX my monthly charge sky rocketed. 
Like I said, I called them was on the phone for XXXX minutes and they couldn't give me an explanation of why they were now charging me {$90.00}, they said someone would call me back since I was disputing the charges and no one did. I didn't pay the {$90.00} due on XXXX ( also now I'm not allowed to pay my bill early, it can only be on the due date ) so they are now charging me {$180.00}?????? They are very unprofessional and it's evident the staff is not well trained and management does not care about resolving a customers issue with billing. Since closing my card is not an option because it would hurt my credit, I come to you to help me resolve this. 
Thank you, XXXX XXXX XXXX XXXX",,"CLGF Holdco 1, LLC",TX,,Web,Closed with explanation,0,,2022,4,1,Credit card
2024-09-13,Credit card,General-purpose credit card or charge card,Getting a credit card,Application denied,"Discover Card repeatedly denied credit card applications without valid justification as to why they did so. Furthermore, the pre-qualifying application page no longer works- most likely due to the webmaster of the credit card company deliberately removing the application page to prevent the application being processed again. Have sent in numerous requests and almost all the applications were denied.",,DISCOVER BANK,NY,,Web,Closed with explanation,1,,2024,9,1,Credit card
2017-05-23,Debt collection,Other debt,Took or threatened to take negative or legal action,Collected or attempted to collect exempt funds,"XXXX   XXXX ,  2016 {$34 .00} I talked with  XXXX  and said I could pay what they offered. Though, when I had more money to pay the account for full. "" They did not fill in the remarks on the the credit bureaues, credit reporting agency 's ''. I said, I can pay for the full amount. They said no what was agreed you can pay for. During the conversation, I suggested to pay more. And initiated the clear communication I can pay for the full amount of  XXXX   XXXX  dollars. Then, she said no. Only the amount, you were talking with  XXXX  about. They were damaging my  credit score.",Company has responded to the consumer and the CFPB and chooses not to provide a public response,"Allied Collection Services, Inc. (Nevada)",NV,,Web,Closed with explanation,1,,2017,5,1,Debt collection
2025-09-18,Credit card,General-purpose credit card or charge card,Credit monitoring or identity theft protection services,Billing dispute for services,I received 2 statements with account numbers ending in XXXX and XXXX. I never opened accounts or received credit cards with those ending numbers. My VISA Citi cards were XXXX and the two account numbers in question were some other type of name. It is possible that Citi might have been issuing new cards to me and they were stolen and someone else used the cards. I never received the cards that have these ending numbers.,Company has responded to the consumer and the CFPB and chooses not to provide a public response,"CITIBANK, N.A.",CA,Older American,Web,Closed with explanation,1,,2025,9,1,Credit card
2025-01-16,Checking or savings account,Checking account,Problem caused by your funds being low,Overdrafts and overdraft fees,"I am writing to file a complaint against Navy Federal Credit Union regarding multiple overdraft fees I have incurred. Despite having sufficient funds when transactions were authorized, I was charged fees due to lagged posting of charges and credits. This issue aligns with the recent CFPB findings against Navy Federal for similar practices, where transactions settled with insufficient balances despite initially available funds. I believe these practices are unfair and request an investigation into my account transactions.",Company believes it acted appropriately as authorized by contract or law,NAVY FEDERAL CREDIT UNION,NC,Servicemember,Web,Closed with explanation,1,,2025,1,1,Bank account / service
2013-10-29,Consumer Loan,Vehicle loan,Problems when you are unable to pay,,,,JPMORGAN CHASE & CO.,IA,,Phone,Closed with explanation,1,1.0,2013,10,0,Consumer Loan
2025-01-16,Debt collection,Credit card debt,Written notification about debt,Didn't receive enough information to verify debt,,,"Portfolio Recovery Associates, LLC",GA,,Web,Closed with explanation,1,,2025,1,0,Debt collection
2023-07-21,Debt collection,I do not know,Attempts to collect debt not owed,Debt is not yours,"LVNV Funding LLC placed my account with Resurgent capital services ( collection agency ) on XX/XX/2023 and {$770.00} must be paid. I never had an account with LVNV. 
I attempted to call Resurgent Capital Services, but nobody answered the phone. 
Resurgent Capital Srvc XXXX XXXX XXXX XXXX, SC XXXX XXXX",,Resurgent Capital Services L.P.,CA,,Web,Closed with explanation,1,,2023,7,1,Debt collection
2025-01-03,Vehicle loan or lease,Loan,Managing the loan or lease,Problem with fees charged,"in XXXX i i purchased a vehicle from lXXXX XXXX XXXX XXXX XXXX XXXX XXXXXXXX and was sent to lendmark to finance XXXX because i put down over XXXX dollars at the time of this finance i was never given a copy of my credit report nothing was ever gone over upon execution of this loan it was like i trusted that agency but didnt realize that lendmark would be deceptive in there loan practices anyway they charged me on that loan XXXX too much and remember i only wanted to borrow XXXX with the price at XXXX XXXX because of add ons that is illegal to do to a consumer for a auto loan. i addressed this issue and it took them a long time to say its no longer on my loan contract that is not believable they should of rewritten the contrac that XXXX cents is a big difference in price also the interest rate was 26.72 % so a year later whuch is in XXXX of XXXX i borrowed XXXX on a personal loan by that time i paid XXXX on the first loan after getting the paperwork it is now a refinace when it was oringinally a personal loan so lendmark takes the total of what i paid on the firdt loan and adds it to the new loan of XXXX making the amount higher interest rate went from XXXX & to 35.99 % and they should have used the balance of XXXX that the remainder of the first loan so now its a higer amount and again they are predatory lenders and i have tried to address these issue with this co so many times no change matter they always give you some kind of excuse and i have done so homework they have had over XXXX complaints about there loan practices in the last three years thru the XXXX  also i have requested a copy of the sales contract from lendmark they said they dont have a copy, this is my 3rd complaint about lendmark financial this issue needs to be addressed asap there dealings are a violation of the tila act and they are not going to stop doing what they do until another agency does a complete audit of buisness they are robbing folk s and im one of them i plan on taking them to small claims court because if they were honest then they would have completed the error that s how again i know that it was an intentional act that wasnt a mistake they need they license revoked also alot of those customers dont realize that there getting ripped off well it took me a minute to research the truth about what a lender can and can not do and they violated, no credit report was ever in my veiw the apr is sky high i have not been late on my payments also they wont give me a copy of my purchase agreement that they say they dont have and the calulation should have been XXXX $ not XXXX $ so that XXXX XXXX plus XXXX that im being jipped plus i have paid my car note with my debit card never a check and noticed that they have nsf fees of XXXX $ on my payment history i never write a check.i wont take up to much, more of your time i already have my packet for court im not gon na be there victim im a stand up and proceed to court i just hope that you will look into it, thank you l",,Lendmark Financial Services,CA,Servicemember,Web,Closed with explanation,1,,2025,1,1,Vehicle loan / lease
2015-12-09,Money transfers,Domestic (US) money transfer,Money was not available when promised,,"I bought a ticket to an event at the XXXX XXXX festival that happened in XXXX NY in XXXX XXXX, 2015. Here is the event description XXXX I found out I was not going to be able to attend the event and I identified a woman ( friend of my father ) in NY who was interested in purchasing my ticket. We agreed on a price of {$45.00}, and that she would pay me via paypal. I sent her the ticket ( address in NY ) once I saw that she had submitted the money transfer. However in the subject line of the payment, she said, payment for ticket to XXXX, XXXX ( name of the event ) and now paypal is holding the money pending an XXXX investigation?? She has provided the website for the event and explanation that the transaction has no involvement with anyone in XXXX or any good coming from XXXX. This would seem to be a mistake that could easily be cleared up, but the payment was submitted on XXXX XXXX, 2015 and paypal still has n't released the payment to me. They will not give me a timeline for when the investigation will be complete or if they can simply not process the transaction and return the money to the sender. I do n't believe they should be able to hold my money indefinitely. This guilty by 'word association ' is bordering on ridiculous.",,"Paypal Holdings, Inc",MA,,Web,Closed with monetary relief,1,0.0,2015,12,1,Money transfer / service
2017-09-21,Debt collection,Medical debt,Communication tactics,"You told them to stop contacting you, but they keep trying",,,"CMRE Financial Services, Inc.",CA,,Web,Closed with explanation,1,,2017,9,0,Debt collection
2021-03-04,Debt collection,Other debt,Written notification about debt,Didn't receive notice of right to dispute,Received a bill from Aargon collection company of club dues. I was not given opportunity to dispute the item.,Company has responded to the consumer and the CFPB and chooses not to provide a public response,"Aargon Agency, Inc.",NV,,Web,Closed with explanation,1,,2021,3,1,Debt collection
2017-04-06,Credit card,,Billing disputes,,"I transferred a balance that is supposed to be interest free for 15 months, I believe. I also make purchases with the same card I have the transfer balance on. Although I pay my purchase total in full each cycle, I am still being charged interest, when the only balance that is left is my transfer balance. When I called to ask how this can be, it was explained to me that basically my purchases made after I transferred my balance over falls behind the transfer balance amount, so in essence I will never pay off my "" purchases '' until I pay off the transfer balance ( which is a substantial amount ), since payments are applied to the oldest transaction first. By them doing it this way, I will forever be charged interest on my "" purchase '' totals until the full balance is paid. I have since stopped using that card for purchases, realizing the interest is just going to grow, but this seems very unethical to me. Seems like my purchase balance and transfer balance should be kept separate and payments should be applied to purchases first, since that is where interest currently accrues. Is this ethical?",Company has responded to the consumer and the CFPB and chooses not to provide a public response,WELLS FARGO & COMPANY,IA,,Web,Closed with explanation,1,0.0,2017,4,1,Credit card
2013-09-19,Mortgage,Conventional fixed mortgage,"Loan modification,collection,foreclosure",,,,"Seterus, Inc.",IL,,Web,Closed with explanation,1,0.0,2013,9,0,Mortgage
2024-05-02,"Payday loan, title loan, personal loan, or advance loan",Payday loan,Problem with the payoff process at the end of the loan,,My ex spouse was contacted and given information about my debt,,CNG FINANCIAL CORPORATION,MI,,Web,Closed with explanation,1,,2024,5,1,Payday loan / title / personal
2018-11-29,Credit card or prepaid card,General-purpose prepaid card,Trouble using the card,Trouble getting information about the card,The date is XX/XX/2018 thr time is XXXX I sit here making a complaint against The American Express Blurbird Card I usually get my Direct Deposit the day or 2 before everybody else I have been waiting patiently for this Direct Deposit only to find out this morning at around XXXX XXXX   that Bluebird is down for scheduled maintenance that was 7 hours ago I tried to call Bluebird and to see how long its going to be down and I keep getting disconnected the phone rings once then disconnects I have not heard of any updates nor have I gotten my Direct deposit that should of been here today I am so beyond upset with Bluebird and will no longer be a customer of theirs please fix this,,AMERICAN EXPRESS COMPANY,NY,,Web,Closed with explanation,1,,2018,11,1,Credit card
2026-02-18,Debt collection,I do not know,False statements or representation,Attempted to collect wrong amount,,Company has responded to the consumer and the CFPB and chooses not to provide a public response,"I.C. System, Inc.",AL,,Web,Closed with explanation,1,,2026,2,0,Debt collection
2017-05-24,Mortgage,Other type of mortgage,Trouble during payment process,,,Company has responded to the consumer and the CFPB and chooses not to provide a public response,"BANK OF AMERICA, NATIONAL ASSOCIATION",MS,,Referral,Closed with explanation,1,,2017,5,0,Mortgage
2025-01-22,Debt collection,I do not know,Written notification about debt,Didn't receive enough information to verify debt,"I sent a letter to Credit Collection Services to verify a debt they are attempting to collect from me. I gave them 30 days to respond in which I still have not heard back from them. 

I sent the letter certified mail and the tracking number is XXXX",Company believes it acted appropriately as authorized by contract or law,"CCS Financial Services, Inc.",NC,,Web,Closed with non-monetary relief,0,,2025,1,1,Debt collection
2021-12-17,Mortgage,Conventional home mortgage,Trouble during payment process,,,,"CARRINGTON MORTGAGE SERVICES, LLC",TX,"Older American, Servicemember",Web,Closed with explanation,1,,2021,12,0,Mortgage
2018-04-06,Credit card or prepaid card,General-purpose prepaid card,Unexpected or other fees,,"In XX/XX/XXXX, XXXX  XXXX opened a credit card from Capital one and assigned her daughter, XXXX XXXX as an authorized user. XXXX defaulted on her payment and as a result, the Capital One reported a claim on XX/XX/XXXX. XXXX XXXX, now at the age of XXXX is applying for a Mortgage loan and came to the dismay that the credit card her mom opened and defaulted on is affecting her credit today. XXXX XXXX would like to request the removal of the Capital One Credit Card due to only being an authorized user at the time.",,CAPITAL ONE FINANCIAL CORPORATION,CA,,Web,Closed with non-monetary relief,1,,2018,4,1,Credit card
2015-02-25,Bank account or service,Checking account,"Account opening, closing, or management",,,,HSBC NORTH AMERICA HOLDINGS INC.,NY,"Older American, Servicemember",Phone,Closed with monetary relief,1,0.0,2015,2,0,Bank account / service
2021-10-18,Credit card or prepaid card,General-purpose credit card or charge card,Incorrect information on your report,Account information incorrect,,Company has responded to the consumer and the CFPB and chooses not to provide a public response,SYNCHRONY FINANCIAL,NJ,,Web,Closed with explanation,1,,2021,10,0,Credit card
2024-03-25,Vehicle loan or lease,Loan,Managing the loan or lease,Problem with the interest rate,,,"American Credit Acceptance, LLC",TX,,Web,Closed with explanation,1,,2024,3,0,Vehicle loan / lease
2026-02-02,Credit card,General-purpose credit card or charge card,"Other features, terms, or problems",Other problem,"My son opened a credit card and put me on as an authorized user. He lost his job and isnt paying it, and Citibank cbna is reporting negative to my credit. Ive contacted them before and was told they took me off, they didnt. I tried calling today but I can not talk to an actual person. I dont have card info, or my sons info. Would just like them to stop reporting negative to my credit report, I had nothing to do with this card.",Company has responded to the consumer and the CFPB and chooses not to provide a public response,"CITIBANK, N.A.",IL,,Web,Closed with non-monetary relief,1,,2026,2,1,Credit card
2023-05-08,Mortgage,Conventional home mortgage,Applying for a mortgage or refinancing an existing mortgage,,,,Mr. Cooper Group Inc.,CA,Older American,Phone,Closed with explanation,1,,2023,5,0,Mortgage
2012-03-06,Mortgage,Conventional adjustable mortgage (ARM),"Loan servicing, payments, escrow account",,,,JPMORGAN CHASE & CO.,GA,,Web,Closed without relief,1,0.0,2012,3,0,Mortgage
2020-08-10,Mortgage,FHA mortgage,Applying for a mortgage or refinancing an existing mortgage,,"I applied originally for refinance in XXXX and was told the credit requirements. Weeks later credit requirements changed and I was postponed and recommended I pay a couple of items off. After jumping through all the hoops to get my credit to where they needed it to be in XXXX, I was told I would have a closing disclosure by XX/XX/XXXX. I cant recall what delayed the closing that time, but in XXXX I completed a XXXX withdrawal to pay off a debt at their recommendation. They recorded it incorrectly so I had to ask a family member to borrow {$2500.00} mid XXXX so it would look like the XXXX money was in my savings because they incorrectly recorded it that way instead of being used to payoff debt. I was assured this would allow me to close, this time no later than mid XXXX. They decided to switch me from conventional to FHA a few times, and I wasnt really given a good reason other than this would be a better deal for me and I was told most recently we would definitely close in XXXX. Local office staff members XXXX and XXXX admitted these mistakes in late XXXX and have apologized, assuring me they would be in a position by XXXX to request my loan be rushed to close in XXXX and could be closed by XX/XX/XXXX if approved. They offered me the end of last week around {$2000.00} as pain and suffering ( their offer, their words, not mine ) per XXXX XXXX regional manager and but that the rush was denied and it would now be XXXX before we could close. I asked to speak with XXXX XXXX for an explanation of why we can not expedite the loan closing at this point. Today, XX/XX/XXXX, XXXX XXXX was very condescending and disrespectful blaming my credit for the delays on closing and again offering almost {$2000.00} to make it right as an olive branch but he called me rude and angry, neither of which are true. After almost an hour and him apologizing for his initial tone with me, I agreed to the terms of closing the loan in XXXX and accepting the money offered to make the mistakes right. When I asked for this in writing because in the past few months so many promises had been made only to be broken and have people deny they made them to begin with, he agreed then said instead he was going to transfer my mortgage and not providing the payment offered previously. I expressed a desire to keep our arrangements to avoid the need of starting over completely once again and he refused. I asked if I could speak with his superior or CEO he refused and hung up on me. I am now forced to start the entire process over from the start after waiting almost 6 months to refinance with them. I am a widowed woman with children, working in XXXXealthcare during a worldwide pandemic and this entire process has put undue financial burden and added stress on me. If they did not wish to work with me due to my unattractive credit which was what XXXX blamed for the delays, they should have admitted that and referred me to a lender who could and would help me.",,Fairway Independent Mortgage Corporation,MO,,Web,Closed with explanation,1,,2020,8,1,Mortgage
2025-09-26,Credit card,General-purpose credit card or charge card,Problem with a company's investigation into an existing problem,Was not notified of investigation status or results,,Company has responded to the consumer and the CFPB and chooses not to provide a public response,"TRANSUNION INTERMEDIATE HOLDINGS, INC.",NJ,,Web,Closed with explanation,1,,2025,9,0,Credit card
2025-10-30,Student loan,Federal student loan servicing,Dealing with your lender or servicer,Trouble with how payments are being handled,"This loan was taken out with three different schools the XXXX XXXX XXXX in XXXX XXXX, California, Florida XXXX XXXX in XXXX, Florida and XXXX in XXXX XXXX XXXX, XXXX  XXXX : U.S. Department of Education Secondary : Aidvantage Tertiary : Treasury Offset Program Issue : * XX/XX/XXXX CALL * * : * * Operator # In XX/XX/XXXX the IRS For her XXXX tax refund, filed via XXXX XXXX Taxes , the IRS confirmed payment to XXXX XXXX but Plaintiff has not confirmed receipt as of XX/XX/XXXX. On XX/XX/XXXX, IRS Operator # XXXX advised an address update by XX/XX/XXXX, with follow-up by XX/XX/XXXX, if ] * * told me wait 120 days * * knew money was taken in XXXX * * Why wouldnt they just tell me that the money was used as an offset for my federal loans instead of not sending me a notification and advantage not posting it to my account I didnt find out that it was posted into my account so I asked for my tax transcripts or I still wouldnt know I was supposed to call back again There were two more calls made to the IRS XXXX operator number XXXX And Another operator number was XXXX. An operator XXXX Unsure the call date. 
Aidvantage ( XX/XX/XXXX ) : * * NO PAYMENT POSTED * *. 
I only found out via * * IRS transcript * *.

This is * * FRAUD * *, * * DECEPTION * *, and * * DUE PROCESS VIOLATION * * under : - * * 31 U.S.C. 3716 * * ( no notice ) - File date : * * XX/XX/XXXX * *",,"Maximus Federal Services, Inc.",WV,,Web,Closed with explanation,1,,2025,10,1,Student loan
2015-04-03,Mortgage,Conventional fixed mortgage,"Loan servicing, payments, escrow account",,,,WELLS FARGO & COMPANY,FL,,Web,Closed with explanation,1,0.0,2015,4,0,Mortgage
2025-12-11,Debt collection,I do not know,Took or threatened to take negative or legal action,Threatened or suggested your credit would be damaged,,,"Paramount GR Holdings, LLC",NM,,Web,Closed with explanation,1,,2025,12,0,Debt collection
2024-07-29,Credit card,General-purpose credit card or charge card,Getting a credit card,Application denied,"I want to receive pre-approved offers for credit cards from Destiny XXXX XXXX XXXX XXXX XXXX XXXX XXXX XXXX XXXX XXXXXXXX Mail XXXX XXXX email. Full XXXX XXXX XXXX, XXXX : XX/XX/year>, XXXX : XXXX",,"CLGF Holdco 1, LLC",MN,Servicemember,Web,Closed with explanation,1,,2024,7,1,Credit card
2025-01-17,"Money transfer, virtual currency, or money service",Domestic (US) money transfer,Other transaction problem,,"I am filing a complaint against cashapp. ( Block, inc. ) Due to inadequate customer service and unfair practices, which violates the consumer financial protection act. ( CFPA ). Specifically, cashapp failed to take timely action due to effective measures to prevent and address fraud on their platform, leaving my account vulnerable and unprotected. Furthermore, their dispute resolution process was unfair and deceptive, and they did not comply with error resolution requirements under the electronic fund transfer act ( EFTA ) in regulations E. These actions has caused significant inconvenience and financial loss, and I seek appropriate redress for these violations.",,"Block, Inc.",NE,,Web,Closed with explanation,1,,2025,1,1,Money transfer / service
2026-01-11,Credit card,General-purpose credit card or charge card,Incorrect information on your report,Information belongs to someone else,,,CAPITAL ONE FINANCIAL CORPORATION,AR,,Web,Closed with non-monetary relief,1,,2026,1,0,Credit card
2013-09-24,Debt collection,I do not know,Cont'd attempts collect debt not owed,Debt resulted from identity theft,,,"Dynamic Recovery Solutions, LLC",FL,,Web,Closed with explanation,1,1.0,2013,9,0,Debt collection
2014-09-30,Debt collection,I do not know,Cont'd attempts collect debt not owed,Debt is not mine,,,"Portfolio Recovery Associates, LLC",CA,,Web,Closed with non-monetary relief,1,0.0,2014,9,0,Debt collection
2018-05-02,Checking or savings account,Checking account,Managing an account,Problem accessing account,"I hold the durable power of attorney for my aunt who is medically unable to handle her finances and other items. Earlier last year we decided to move all of her banking from XXXX and XXXX XXXX to USAA Federal Savings Bank. This process was extremely difficult because even USAA didn't understand their own process for establishing a power of attorney on a new account. We were forced to deal with the same account lock out situation. After several weeks, the account was set up with the power of attorney and I was able to manage my aunt 's financial obligations. 

Today ( XX/XX/2018 ) when I tried to access her account, I received an error message indicating the account had been locked because contact information was incorrect. This seemed odd as I did not recently provide any contact information. I called the phone number that was provided to unlock the account and was told I would have to call back in several days. They refused to give me any reason for the account lock and hung up on me. 

I understand that sometimes security issues arise but that is no excuse for not notifying the member or their representatives ( as specified in the account details ) that were created when the account was opened that access may be limited during a security review. If USAA doesn't understand their own processes for POA 's on an account, perhaps they should review their policies and procedures and provide remedial training.",Company believes it acted appropriately as authorized by contract or law,UNITED SERVICES AUTOMOBILE ASSOCIATION,AZ,Servicemember,Web,Closed with explanation,1,,2018,5,1,Bank account / service
2025-02-03,"Money transfer, virtual currency, or money service",Mobile or digital wallet,Trouble accessing funds in your mobile or digital wallet,,"XXXX : Invoice was created and sent to customer to take care of payment XXXX : At XXXX payment was processed by customer using "" square '' with a ACH method. 
XXXX : At XXXX squared sent an email requesting MORE information pertaining to me and my business and requested me to upload a ton of personal documentation to support my company and business. 
XXXX : At XXXX I uploaded all required documentation pertaining to my business such EIN #, Driver License, LLC documentation, proof of communication between buyer and I, and much more into the "" Square portal '' XXXX : Received and email at XXXX from Square stating that "" my account was deactivated and that the decision was FINAL '' with no explanation or detail response as to why after I provided all the required documentation. It also stated my money/payment was going to be held with Square for min 90 days '' and offered an option to request a refund to my customer XXXX : I proceeded to call Square directly via phone and spoke to rep who told me she couldn't speak to me and couldn't find my account info and since I was "" deactivated '' she couldn't continue the phone conversation. When asked to speak to a manager she mentioned that its not possible and disconnected the call on me XXXX : Received an email from Square at XXXX stating that my "" invoice payment was paid for {$11000.00} '' from Square and on its way XXXX : Received another email from Square stating that my account now was "" limited not fully deactivated as stated prior '' and that a review of things was happening and continuing XXXX : Received yet another email from Square stating and I quote "" Thanks again for verifying your identity Hi XXXX XXXX XXXX Were happy to let you know that we finished our review and everything looks good. Your account is now fully restored with regular access. 

We know interruptions like this can be frustratingthanks for helping us keep you and your customers safe. 

Youre all set to get back to business. '' End of quote. Naturally this tells me that my account after their internal review stated that my account was good to go and funds should be no issue to be processed and received to me and no longer held by Square themselves. 
XXXX : Square online portal stating that my funds would be transferred on XX/XX/year> which didn't happen or take place. I figured since its a weekend I'll give it until Monday the XXXX and hopefully all will be good and processed. Monday XXXX came and nothing was completed nor was funds deposited into my account as ought to based on my account setup. 
XXXX : Called square yet again on the phone and demanded that i speak to a higher person and they refused to transfer and escalate to a manager to get more answers as to what happened here and status of my funds. Called ended with no resolution XXXX : Called Square yet again as I've gotten no where with this company and their customer service since the communications via email. Finally had someone who gave vague information and told me "" my account is deactivated '' reason why I'm not going to receive my money owe to me BUT yet I received email communication from Square that their review was completed and my account in FACT was in good standing and activated. The rep seemed to be stumped and couldn't answer why I received that communication but she is seeing something different. She had no answers and the call again ended with no resolution. 
XXXX : Called Square back yet another time hoping and praying I get someone willing to assist me professionally and promptly. I got this rep on the phone who stated "" I can assist you with at least processing a REFUND to the customer through the online portal '' as per their policy if one is "" deactivated '' you have 120 days to process a full refund to customer in order for them to pay you a different method other than Square. Well, we were on the phone for 45min trying to process this refund and their system internally would not process this procedure and was giving me errors after errors even with them being on the phone with me to do it. They mentioned that Square would "" escalate '' and give me an email back with resolution with 1-2 days. 
XXXX : 2 days went by and I received absolutely nothing back from Square pertaining to "" ticket # XXXX spoke to XXXX ''. I then proceeded to call back AGAIN to Square on XX/XX/year> asking why hasn't this been resolved and why are they still holding my money XXXX and not allowing me to at min refund my customer so he can pay a different method other than the scammers of Square. The rep mentioned that she saw nothing on her end of the escalation being addressed and gave me a new "" ticket # XXXX name XXXX  ''. At this point Square is giving the run around, mis guided communication, not resolving their internal issues with their systems, and no refund or money has been processed on my behalf. 

I have been impacted financially as this is how I take care of my family and livelihood and have exhausted all efforts to get this resolved. I need immediate resolution as there are tons of complaints and similar people who have been scammed by Square on forums and online. I've provided you in-depth details with time and dates as I've documented phone calls and saved all email communications. Please assist me as this is crushing to a small business owner like myself.",,"Block, Inc.",DE,,Web,Closed with explanation,1,,2025,2,1,Money transfer / service
2018-01-03,Checking or savings account,Checking account,Managing an account,Deposits and withdrawals,,Company has responded to the consumer and the CFPB and chooses not to provide a public response,WELLS FARGO & COMPANY,MN,,Phone,Closed with explanation,1,,2018,1,0,Bank account / service
2016-07-13,Debt collection,Credit card,Improper contact or sharing of info,Contacted me after I asked not to,"Every week for the past 3 weeks, Capital One has called me on my mobile phone asking to speak to my ex-boyfriend ( who I am no longer in contact with ) regarding a "" business matter ''. The first time they called ( XXXX/XXXX/16 ), I explained that I did n't know how to contact him and I asked them to remove my number from their list. They said they got my mobile number from an online database, and they would remove me. The second week ( XXXX/XXXX/16 XXXX, I talked to a different rep from Capital One named XXXX. Again, I told them to remove me from their list and asked why I had n't been removed yet. She said she was a new person assigned to his case and did n't know I had asked to be removed. I told them it was illegal for them to call me more than once after I asked them to stop calling me. They assured me I would be removed from their list and they would n't call again. Today, XXXX, I received yet another call from Capital One looking for my ex-boyfriend, this time from XXXX. I explained that this was the third time I was being contacted, and that it was illegal for them to continue to contact me. The rep said she was just assigned to his case and did n't see any notes about me asking to be removed from the list. I asked to speak to her manager. I spoke to XXXX and explained the situation. She also did not see any notes about me asking to be removed from their database. I told her they were in violation of the Debt Collection Practices Act and that I would be reporting Capital one to the Consumer Financial Protection Bureau. She said she would remove me from the list. I got a direct phone number to the supervisor 's line to use if I received any more calls.",,CAPITAL ONE FINANCIAL CORPORATION,OR,,Web,Closed with non-monetary relief,1,0.0,2016,7,1,Debt collection
2025-01-17,"Money transfer, virtual currency, or money service",Domestic (US) money transfer,Other transaction problem,,,,"Block, Inc.",NC,,Web,Closed with explanation,1,,2025,1,0,Money transfer / service
2024-03-07,Debt collection,Other debt,Attempts to collect debt not owed,Debt was result of identity theft,,,"Bread Financial Holdings, Inc.",FL,,Web,Closed with explanation,1,,2024,3,0,Debt collection
2024-02-29,Debt collection,Other debt,Attempts to collect debt not owed,Debt was result of identity theft,,,"Kriya Capital, LLC",NJ,,Web,Closed with non-monetary relief,1,,2024,2,0,Debt collection
2020-08-23,Debt collection,I do not know,Written notification about debt,Didn't receive enough information to verify debt,"Filed dispute with pro collect inc. on XXXX.requested verification under the FDCPA.the following verification requested were as follows : 1.proof that I either owned or were assigned this debt from the creditors. 
2.proof that you have the right to collect this debt in my state. 
3.proof that your company carries a bond. 
4.proof on how your company assessed the outstanding debt. 
5.payment history from the original creditor. 
6.name and address from the original creditor. 
7.copy of the contract bearing my authentic signature. 
35 days has past and I have not received any correspondence.",Company has responded to the consumer and the CFPB and chooses not to provide a public response,"ProCollect, Inc.",TX,,Web,Closed with explanation,1,,2020,8,1,Debt collection
2025-10-07,"Money transfer, virtual currency, or money service",Mobile or digital wallet,Fraud or scam,,,,Chime Financial Inc,NY,,Web,Closed with explanation,1,,2025,10,0,Money transfer / service
2020-09-02,Checking or savings account,Checking account,Managing an account,Deposits and withdrawals,"2 weeks after I was laid off from a disgruntled employer on XX/XX/20, she called Bank of America & made a false fraud claim stating all reimbursement, tip & side job checks were stolen which then froze my account on XX/XX/20. 
After multiple calls lasting 2+ hours I finally got someone on the phone that informed me the situation & gave me a claim # & fax # to send my supporting documents which I did, however without any due diligence the claim was closed in the others favor when I called to inquire again on the phone for 2+ hours was told by even the fraud department supervisor that something was off because it was closed without anybody even going through the 150+ page fax so I was told I should open a new claim which I did, then once again I had faxed in supporting documents this time 175+ pages once again claim closed without anybody going through & even looking at fax sent for the second time so I contact the FDIC which forwarded my claim to this branch. 
I was informed my accounts were closed XX/XX/20 by not only tellers & bankers at the branch but over the phone as well. 
On XX/XX/20 a previous claim closed in my favor totaling {$410.00} & change was deposited into my "" closed '' accounts along with my tax return of {$2700.00} that the bank excepted after my account was supposedly closed When I went in the branch to inquire nobody could give me an answer except they have 11 days after account close to accept deposits but the time frame was past Once the bank was contacted in regards to my claim a lady by the name of XXXX XXXX to confirm I made the claim & she instructed me to file yet another claim which i did on XX/XX/20 & spoke with a lady that was just as baffled as I was & notated my file a bunch then once again got the run around then when I called in last week XX/XX/20 I was fortunate to get the same lady I had spoke with in the beginning of the month whom informed me my account was closed without anybody even looking at any fax or notations pertaining to the claim that was fraudulently made out of retaliation. 
In the fine print from bank of America it states anybody that has any problems or questions regarding your account/ bank statements you have 30 days & in some cases 60 days yet bank of America went back 4 months Regardless the fact they initiated a claim past the  allotted stated time frame nobody did any kind of due diligence and compared other employees checks with the ones in question even to payroll but never happened. 
So in the last 4 months my accounts were wrongly frozen over {$10000.00} taken out & awarded to the disgruntled employer nobody actually doing their job & investigating Then my account was i guess oxidant closed as of XX/XX/20 & was told no matter how many claims I open they weren't going to reopen/ relinquish about it because they already made a decision ( without even looking at evidence in the first place ) I want my money back that the bank stole from me",Company has responded to the consumer and the CFPB and chooses not to provide a public response,"BANK OF AMERICA, NATIONAL ASSOCIATION",CA,,Web,Closed with monetary relief,1,,2020,9,1,Bank account / service
2022-03-03,"Money transfer, virtual currency, or money service",Domestic (US) money transfer,Fraud or scam,,,,JPMORGAN CHASE & CO.,TX,,Web,Closed with explanation,1,,2022,3,0,Money transfer / service
2022-05-31,"Money transfer, virtual currency, or money service",Virtual currency,Fraud or scam,,"My account was frozen, all my XXXX XXXX asset was taken from my account by Kraken after I made a deposit with the amount, Im losing money because Im not able to sell my UST for market price. Customer service not replying to emails, agents who answer phone calls have no clue. An extremely serious disaster.",,Payward Ventures Inc. dba Kraken,FL,,Web,Closed with explanation,1,,2022,5,1,Money transfer / service
2019-01-08,Checking or savings account,Checking account,Managing an account,Deposits and withdrawals,,,JPMORGAN CHASE & CO.,,,Phone,Closed with explanation,1,,2019,1,0,Bank account / service
2017-09-28,Debt collection,Other debt,Attempts to collect debt not owed,Debt is not yours,,,Ocwen Financial Corporation,NV,,Web,Closed with explanation,1,,2017,9,0,Debt collection
2025-03-19,Debt collection,Other debt,Attempts to collect debt not owed,Debt is not yours,,Company believes it acted appropriately as authorized by contract or law,"CCS Financial Services, Inc.",FL,,Web,Closed with explanation,0,,2025,3,0,Debt collection
2025-08-29,Debt collection,I do not know,Written notification about debt,Notification didn't disclose it was an attempt to collect a debt,"I understand the importance of removing any incorrect information from my credit report according to FCRA 605B. Could you please review the attached documents? I've observed discrepancies in several accounts, which is quite concerning to me.",Company has responded to the consumer and the CFPB and chooses not to provide a public response,Experian Information Solutions Inc.,TX,,Web,Closed with explanation,1,,2025,8,1,Debt collection
2025-01-25,"Money transfer, virtual currency, or money service",Domestic (US) money transfer,Other transaction problem,,,,"Block, Inc.",SC,,Web,Closed with explanation,1,,2025,1,0,Money transfer / service
2023-03-22,Credit card or prepaid card,General-purpose credit card or charge card,Getting a credit card,Card opened as result of identity theft or fraud,"On XX/XX/2023, someone opened a credit card account with Bank of America in my name fraudulently. 

I have never received the card, but have begun to receive correspondence from Bank of America referring to the account. 
I have checked my credit reports from XXXX, XXXX and XXXX, and they all 3 have the account on my report. 
The account should have never been opened.",Company has responded to the consumer and the CFPB and chooses not to provide a public response,"BANK OF AMERICA, NATIONAL ASSOCIATION",OH,Servicemember,Web,Closed with explanation,1,,2023,3,1,Credit card
2017-10-14,Mortgage,FHA mortgage,Closing on a mortgage,,Bought a home with gateway mortgage company. The home needed few repairs .Was given a XXXX loan and {$31000.00} towards repair .Gateway give the contractor to us even when we refused the contractor they insist we have to have repair done by recommended contractor. Contractor got money no repair done up to now ripped home apart has not comeback and got money from gateway has not get the job done.we have no place to cook for our kids and we already paid one month mortgage and still no contractor.,,GATEWAY FIRST BANK,NJ,,Web,Closed with explanation,1,,2017,10,1,Mortgage
2016-03-14,Credit card,,Delinquent account,,This account with hsbc still double report on my credit reports XXXX Is over 8 years that I made my last payment and they still reporting it. If they ca n't send me a debt validation then take this off my credit reports. And they have XXXX as their collection agency and they are reporting it too. It was paid in full to XXXX.,,HSBC NORTH AMERICA HOLDINGS INC.,CA,,Web,Closed with explanation,1,0.0,2016,3,1,Credit card
2014-05-20,Bank account or service,Savings account,Deposits and withdrawals,,,,WELLS FARGO & COMPANY,CA,,Referral,Closed with explanation,1,0.0,2014,5,0,Bank account / service
2025-10-17,Debt collection,Other debt,Written notification about debt,Notification didn't disclose it was an attempt to collect a debt,,Company has responded to the consumer and the CFPB and chooses not to provide a public response,"TRANSUNION INTERMEDIATE HOLDINGS, INC.",PA,,Web,Closed with explanation,1,,2025,10,0,Debt collection
2017-10-11,Checking or savings account,Checking account,Problem caused by your funds being low,Overdrafts and overdraft fees,"On XX/XX/XXXX I had a bal in my checking account of {$120.00}. On XX/XX/XXXX l checked account again and it showed negative {$400.00}. The pending transactions were a {$75.00} and {$450.00} auto payments. The {$75.00} payment was pending 1st and {$450.00} payment 2nd. I made arrangements to transfer {$400.00} into my account to cover amount short.. This morning XX/XX/XXXX checked bal and it showed {$400.00} deposit pending because it arrived after midnight, but they reversed the order of the 2 automatics and charged me two {$34.00} overdraft fees. When I called Chase bank to correct problem and at least refund the od fee for the {$75.00} payment, they refused stating it was there policy to pay the higher amt check first, advised her that the policy did no benefit me in any way, but allowed them to charge and extra od fee on my account. When I advised her that I had a screen shot showing the {$75.00} pmt pending 1st and the funds were there to cover it, she said did not matter because it was there policy to post larger amt Please help. Thanks XXXX XXXX XXXX",,JPMORGAN CHASE & CO.,OH,Servicemember,Web,Closed with monetary relief,1,,2017,10,1,Bank account / service
2025-03-03,"Money transfer, virtual currency, or money service",Mobile or digital wallet,"Managing, opening, or closing your mobile wallet account",,,,"Block, Inc.",WI,,Web,Closed with explanation,1,,2025,3,0,Money transfer / service
2025-02-04,Debt collection,Rental debt,Attempts to collect debt not owed,Debt is not yours,,,T.S. Holdings,CA,,Web,Closed with explanation,1,,2025,2,0,Debt collection
2025-01-17,"Money transfer, virtual currency, or money service",Domestic (US) money transfer,Other transaction problem,,"I am filing a complaint against Cash App ( Block , Inc . ) due to inadequate customer service and unfair practice, which violate the customer financial Protection Act ( CFPA ). Specifically, Cash App failed to take timely and effective measures to prevent and address fraud on their platform, leaving my account vulnerable and unprotected.

Furthermore, their dispute resolution process was unfair and deceptive, as they did not comply with error resolution requirements under the Electronic Fund Transfer Act ( EFTA ) and Regulation E. These actions have caused significant inconvenience and financial loss, and I seek appropriate redress for these violations.",,"Block, Inc.",GA,,Web,Closed with explanation,1,,2025,1,1,Money transfer / service
2021-09-03,Credit card or prepaid card,Store credit card,Problem when making payments,Problem during payment process,,Company has responded to the consumer and the CFPB and chooses not to provide a public response,"CITIBANK, N.A.",PA,,Web,Closed with explanation,1,,2021,9,0,Credit card
2014-03-25,Mortgage,Conventional fixed mortgage,Settlement process and costs,,,,WELLS FARGO & COMPANY,TX,Servicemember,Web,Closed with explanation,1,0.0,2014,3,0,Mortgage
2025-01-16,"Money transfer, virtual currency, or money service",Domestic (US) money transfer,Other transaction problem,,"I am writing to formally express my concerns regarding Zelle 's handling of disputes, particularly in light of the recent CFPB lawsuit highlighting significant issues with the platform. Despite using Zelle numerous times and reporting discrepancies, my financial institution and Zelle failed to investigate my claims adequately. They informed me that recovering lost funds was impossible and that tracking these transactions was unfeasible. The CFPB 's findings indicate that Zelle has not only neglected to protect consumers but has also allowed repeat offenders to exploit the system, leaving users vulnerable to scams. 
This lack of accountability and transparency is unacceptable and raises serious concerns about consumer safety.",,"Early Warning Services, LLC",TX,,Web,Closed with explanation,1,,2025,1,1,Money transfer / service
2025-05-12,Mortgage,Conventional home mortgage,Closing on a mortgage,Closing disclosure or other related disclosures,,,"HILLTOP HOLDINGS, INC",KS,,Web,Closed with explanation,1,,2025,5,0,Mortgage
2021-02-22,"Money transfer, virtual currency, or money service",Mobile or digital wallet,"Managing, opening, or closing your mobile wallet account",,,,"Paypal Holdings, Inc",IL,,Web,Closed with explanation,1,,2021,2,0,Money transfer / service
2024-09-17,Student loan,Federal student loan servicing,Dealing with your lender or servicer,Trouble with how payments are being handled,"I am a recipient of the XXXX XXXX XXXX XXXX XXXX XXXX XXXX XXXX XXXX XXXX. Through this program, the XXXX makes quarterly payments towards my loans on my behalf. The XXXX payments are much larger than my monthly bill ( XXXX times larger ), so each quarterly payment puts me in paid ahead status for approximately XXXX to XXXX  months, which allows me to not make payments in the months between quarterly XXXX payments. I have been on this program for several years and had no issues when my loans were previously with XXXX. As of this spring, my loans were transferred to XXXX and they have misapplied these XXXX payments, made false claims, and then lost the payment. 

I received my welcome letter from XXXX on XX/XX/year> and notification of my recertification of my income driven repayment plan on XX/XX/year>. My beginning balance was {$54000.00} and my first monthly payment was due on XX/XX/year> in the amount of {$1200.00}. On XX/XX/year> the XXXX made a payment on my behalf in the amount of {$10000.00}. The payment was received by XXXX on XX/XX/year> and I provided documentation to the XXXX that the payment had reached my account on XX/XX/year>. At this time, my loan balance was {$44000.00}. The only issue was that the payment did not put me in paid-ahead status so my account stated that I had another payment due on XX/XX/year>. 

I reached out on XX/XX/year> to have the payment applied correctly so it would put me in paid ahead status. The XXXX representative told me that they did not have a record of how the payment was made but assured me that they had received it and my account had been credited. The representative put in a request to have the payment reapplied and told me Id hear back in XXXX  days. When I had not heard back and I had not been placed in paid ahead status I reached out again on XX/XX/year>. They XXXX representative stated that they could not provide a reason for why the payment hadnt been reapplied but said to reach back out in XXXX  days and that theyd have an answer. When my account still had not been updated I reached out again on XX/XX/year>. This time the representative stated that I cant be in paid ahead status when XXXX on an income driven repayment plan, which is incorrect. I had been in paid ahead status with an income driven repayment plan the entire time my loans were with XXXX. 

As Ive been trying to sort this out, I did not make an XXXX payment ( due XX/XX/year> ) because the payment was not expected, my wife and I are paying for XXXX  out of pocket, and we are unable to afford the payment at this time. Also, while this was going on, I had also reached out to the XXXX XXXX Ombudsman for support, opening a case on XX/XX/year> and providing updates throughout the process. After my contact with XXXX on XX/XX/year> and no response or assistance from the XXXX XXXX Ombudsman, I reached out to my congressional representative to have them advocate on my behalf. Soon after ( XX/XX/year> ), I received my first response about the case I had opened with the Ombudsman. The email came from XXXX customer service department rather than the Ombudsmans office. The email stated that my paid-ahead status was revoked when my income driven repayment plan was recertified. However, this is also a mistake or incorrect since my most recent payment was received on XX/XX/year>, after my recertification on XX/XX/year>. 

Today ( XX/XX/year> ), I received a call from XXXX stating that the payment made by the XXXX on XX/XX/year> had been reversed and that my account is now overdue in the amount of the original payment. However, my account summary on the XXXX website shows the balance after the payment was made on XX/XX/year> ( {$44000.00} ) and it shows my amount due as {$2400.00}, which would be correct since I didnt make the XXXX payment and have a XXXX payment due. The representative refused to believe that my online account displayed different information than her own and was adamant that I had reversed the payment. Additionally, every other contact Ive had with XXXX, they have recognized that the payment had been made. When I asked them if there is anyone else I can talk to explain my case, they put me on hold for XXXX minutes and then stated that no one was available. I did not request that the payment be reversed by the XXXX and they did not initiate the process. 

I am confident that XXXX lost track of my payment when they were trying to reapply it to my loan and are now claiming that I am at fault. I have documentation to support everything Ive stated.",,EdFinancial Services,PA,,Web,Closed with explanation,1,,2024,9,1,Student loan
2024-02-21,Debt collection,I do not know,Attempts to collect debt not owed,Debt is not yours,,,"Portfolio Recovery Associates, LLC",NJ,,Web,Closed with explanation,1,,2024,2,0,Debt collection
2025-09-02,Debt collection,Credit card debt,Attempts to collect debt not owed,Debt is not yours,"Please provide documentation that the following account belongs on my credit report and that my rights have not been violated. In compliance to 15 U.S. Code 1692e ( 6 ) Debt collectors are legally obligated to adhere to 15 U.S. Code 1692e ( 6 ), which forbids them from providing false information or insinuating inaccuracies about the nature, amount, or legal standing of a debt. It is against the law to make deceptive statements or misrepresentations concerning the debt being pursued for collection.",,"CAINE & WEINER COMPANY, INC.",UT,,Web,Closed with explanation,1,,2025,9,1,Debt collection
2025-05-23,Debt collection,Medical debt,Attempts to collect debt not owed,Debt is not yours,,,"Fein, Such, Kahn & Shepard, P.C.",NJ,,Web,Closed with explanation,1,,2025,5,0,Debt collection
2025-10-15,Checking or savings account,Checking account,Managing an account,Problem using a debit or ATM card,,,JPMORGAN CHASE & CO.,NY,,Phone,Closed with explanation,1,,2025,10,0,Bank account / service
2026-02-14,Credit card,General-purpose credit card or charge card,Fees or interest,Problem with fees,,,CAPITAL ONE FINANCIAL CORPORATION,MO,Older American,Web,In progress,1,,2026,2,0,Credit card
2023-08-15,Credit card or prepaid card,Store credit card,Problem with a purchase shown on your statement,Credit card company isn't resolving a dispute about a purchase on your statement,,,"Affirm Holdings, Inc",SC,,Web,Closed with explanation,1,,2023,8,0,Credit card
2023-10-03,Debt collection,Other debt,Attempts to collect debt not owed,Debt was result of identity theft,"A new collections account was added to my credit report. upon checking I quickly realized the debt was not my debt and was the result of identity theft. I called the debt collection agency ( ERC ) who told me the original debt was from an XXXX account which was opened in XXXX Arizona under my social security number and the name "" XXXX XXXX ''. My name is not XXXX XXXX, and I have never been to or lived in XXXX Arizona and I have never had an XXXX account. whoever did this stole my social security number and I want this resolved as quickly as possible.",,ERC,CA,,Web,Closed with explanation,1,,2023,10,1,Debt collection
2021-05-05,Vehicle loan or lease,Loan,Managing the loan or lease,Billing problem,"On XX/XX/2021, I mailed a Principal Only payment in the amount of {$450.00} to Toyota Financial Services that was to be applied to my vehicle loan with them. Payment was in the form of my personal check # XXXX. The check, and the payment coupon that was mailed with the check, was clearly marked Principal Only. The copy of my check which I was able to get from my bank was marked on the front as received on XX/XX/XXXX and has the initials XXXX. Additionally, it was stamped on the back with a Toyota stamp that says For Deposit Only on XX/XX/XXXX. 

On XX/XX/2021, after not having received credit for the payment, I made my first call to Toyota in an attempt to receive credit for my payment. Following is a detailed accounting of the many attempts I have made to receive credit : XXXX. XX/XX/2021 XXXX Thursday XXXX I called Toyota Financial Services ( TFS ) and spoke with XXXX XXXX I.D . # XXXX XXXX. XXXX said it might take more time since a lot of employees are working from home due to the pandemic. If it had not posted by the end of the day or by tomorrow ( Friday XXXX, I should call back on Monday. Also on Monday, a copy of the front and back of the negotiated check should be uploaded onto the TFS website. Give it a day or two after uploading the copy. 
XXXX. XX/XX/2021 XXXX Monday ) A copy of my XXXX  XXXX XXXX check transaction was uploaded onto the website and I received a confirmation from the website that the copy of the check was received. 
XXXX. XX/XX/2021 ( Friday XXXX I called TFS since I still had not received credit for the check. Spoke with XXXXXXXX XXXX XXXX  . XXXX XXXX and XXXX XXXX I.D . XXXX ). I was told they could not locate the copy of the check that was uploaded onto the website and I should fax the copy. Since I do not have a fax machine, I had to drive to XXXX and pay to have the copy faxed. As instructed by XXXX, I faxed the copy to the attention of XXXX at fax no. XXXX. 
XXXX. XX/XX/2021 XXXX Friday ) I called TFS later in the day to confirm that they had received my fax. I was told it takes 24 to 48 hours for the information to get posted into the system so other agents could see it. 
XXXX. XX/XX/2021 XXXX Thursday XXXX I called TFS and spoke with XXXX XXXX I.D . XXXX XXXX XXXX  XXXX said they received the fax on XX/XX/XXXX and said he would put me on hold while he checked to see why it is taking so long to have my account credited. After coming back on the telephone, he said the money would be refunded to me. I asked that instead of refunding the money, that it be applied as a Principal Only payment. He said he would make a note of this. He will submit all information after which it would be reviewed. He would see to it that this is processed. Should be completed by Monday, XX/XX/2021. 
XXXX. XX/XX/2021 XXXX Wednesday XXXX I called TFS and asked XXXX, who answered the telephone, if I could speak with a manager. I was connected with XXXX who identified herself as a Resolution Specialist. By the way, each time I call TFS, I had to give a full explanation of all that I had gone through thus far. After giving XXXX my full explanation, she put me on hold while she researched my file. She said she was able to find the copy of the negotiated check that had been uploaded onto the website on XX/XX/XXXX as well as a copy of the TFS confirmation. She additionally said she would have my account credited. It would take three to five business days to have it credited. 
XXXX. XX/XX/2021 XXXX Monday XXXX I called XXXX and spoke with XXXX XXXX I.D . # XXXX XXXX XXXX stated that XXXX had not created the ticket that was required to have my account credited. He stated he would create the ticket and would have the payment credited towards my principal. The account should be credited by Thursday, XX/XX/2021. 

As of today, XX/XX/2021, my account has still not been credited with my {$450.00} payment. Since it has been verified XXXX via the copy of my check that was received from XXXX  XXXX XXXX XXXX that they were in receipt of my check on XX/XX/2021, my account should also be credited with the interest charged on the {$450.00} through the date that I receive credit for the payment.",,TOYOTA MOTOR CREDIT CORPORATION,NJ,Servicemember,Web,Closed with monetary relief,1,,2021,5,1,Vehicle loan / lease
2016-03-28,Debt collection,I do not know,Communication tactics,Frequent or repeated calls,The daily phone calls are coming to our home landline. A recorded message does not ask for anyone in our household by name. It says it is an attempt to collect a debt and rattles off another number to call back. It does not repeat the call back number. I believe the number is : XXXX. We are on the national do not call registry.,,"Convergent Resources, Inc.",NE,Older American,Web,Closed,1,0.0,2016,3,1,Debt collection
2024-06-01,Checking or savings account,Checking account,Opening an account,Account opened without my consent or knowledge,,,KEYCORP,CT,,Web,Closed with explanation,1,,2024,6,0,Bank account / service
2022-01-19,Checking or savings account,CD (Certificate of Deposit),Managing an account,Funds not handled or disbursed as instructed,,,PNC Bank N.A.,OR,Older American,Phone,Closed with monetary relief,1,,2022,1,0,Bank account / service
2022-09-13,Debt collection,Other debt,False statements or representation,"Impersonated attorney, law enforcement, or government official","GC Services called me this morning about my account with the Michigan State Treasury to pay off back taxes. I made a payment today, but I was about 10 days late. I didn't know they were a collection agency until I googled the phone number. I think they wanted me to believe they were the State of Michigan. The representative was incredibly rude and hung up. I am not sure if they are going to try and ruin my credit or not, but I am NOT behind on my payments, I was just a few days late ; times are hard. I have attached proof that I've made my payments. Please tell GC Services not to ruin my credit, as I am current on my tax account. These guys have already been in trouble for impersonating government officials and making threats. Here 's the link. https : XXXX",,"ORG GC GP BUYER, LLC",KY,,Web,Closed with explanation,1,,2022,9,1,Debt collection
2024-10-09,Debt collection,I do not know,False statements or representation,Attempted to collect wrong amount,"No Parking Rule/Refusal to pay/ Cease and Desist I Refuse to Pay this alleged collection XXXX XXXX XXXX XXXX XXXX. 
XXXX, XXXX  XXXX XX/XX/XXXX NATIONAL CREDIT ADJUSTERS  , L.L.C XXXX XXXX XXXX XXXX XXXX, KS XXXX To Whom It XXXX Concern : This notice is to inform you that you have unlawfully reported an alleged debt to my consumer report. Under the New Rule REGULATION F which took effect XX/XX/XXXX, You NATIONAL CREDIT ADJUSTERS , L.L.C You have violated the FDCPA 1006.30a and its new rule by parking this alleged debt on my consumer reports. Cease and Desist the reporting of this alleged XXXX immediately or I will escalate this matter to taking legal action. 
I have not given you written permission to put anything on my credit profile 15 USC 1681b2.

You have no permissible purpose by law to contact third parties with my private or personal information. Your offenses amount to Aggravated Identity Theft pursuant to 18 U.S.C. 1028A. You have knowingly transferred, possessed, or used, without lawful authority, a means of identification of me, which is a felony punishable with up to 2 years of imprisonment, in addition to civil liability.

I AM A LITIGIOUS CONSUMER I WILL NOT HESITATE TO TAKE LEGAL ACTION AGAINST NATIONAL CREDIT ADJUSTERS , L.L.C 15 USC 1692c ( c ) Ceasing communication If a consumer notifies a debt collector in writing that the consumer refuses to pay a debt or that the consumer wishes the debt collector to cease further communication with the consumer, the debt collector shall not communicate further with the consumer with respect to such debt. 
I refuse to pay this alleged debt. Cease and Desist all collections activity regarding this alleged debt and PROMPTLY Delete it from all consumer reporting agencies that you have reported this inaccurate, incomplete, erroneous and misleading information to at once. 
The reporting of such inaccurate information has caused severe damage to my character, my reputation, my general mode of living and my ability to obtain credit for personal and house purposes. 
You and your inaccurate reporting have damaged my livelihood. 

XXXX XXXX Code XXXX - Responsibilities of furnishers of information to consumer reporting agencies ( a ) DUTY OF FURNISHERS OF INFORMATION TO PROVIDE ACCURATE INFORMATION XXXX ) PROHIBITION ( A ) Reporting information with actual knowledge of errors A person shall not furnish any information relating to a consumer to any consumer reporting agency if the person knows or has reasonable cause to believe that the information is inaccurate. 
Duty : a moral or legal obligation ; a responsibility XXXX : correct in all details ; exact. 
XXXX : a law or regulation forbidding something XXXX XXXX XXXX XXXX Says you NATIONAL CREDIT ADJUSTERS , L.L.C are a furnisher of information to a consumer reporting agency. 
You ARE PROHIBITED BY LAW to furnish inaccurate information XXXX XXXX XXXX XXXX ( a ) ( XXXX ) ( A ) XXXX XXXX Code XXXX ( a ) DUTY OF FURNISHERS OF INFORMATION TO PROVIDE ACCURATE INFORMATION XXXX ) PROHIBITION ( B ) Reporting information after notice and confirmation of errors A person shall not furnish information relating to a consumer to any consumer reporting agency if ( i ) the person has been notified by the consumer, at the address specified by the person for such notices, that specific information is inaccurate ; and ( ii ) the information is, in fact, inaccurate. 

In conclusion I have shown you and you have been put on notice that you are reporting inaccurate information. The information is, in fact, inaccurate. 

The continued reporting of this inaccurate information is a clear violation of the Law 15 USC 1681 s-2 of your responsibilities as a furnisher of information.

You have caused me and my family severe harm due to your negligence and inaccurate reporting. This is a final opportunity to Cure and DELETE This Erroneous, inaccurate account from my Consumer report.

YOU HAVE 10 Calendar days to DELETE THIS ACCOUNT FROM MY CONSUMER REPORTS! or I will take legal action for consumer law violation under 15 USC 1681 n, 15 USC 1681 o and 15 USC 1692k.

DELETE THE FOLLOWING ACCOUNT/S FROM YOUR RECORDS AND ALL CONSUMER REPORTING AGENCIES. 
Account name Acct # NATIONAL CREDIT ADJUSTERS , L.L.C - XXXX NATIONAL CREDIT ADJUSTERS , L.L.C - XXXX Failure to respond satisfactorily with deletion of the above referenced account, and send out a free copy of my report after the changes have been made will result in legal actions being taken against your company, for which I will also be seeking {$1000.00} per violation for : 1. Defamation of Character ( per se ) 2. Negligent Enablement of Identity Fraud 3. Fair Debt Collections Practices Act 15 USC 1692g violations 4. Fair Credit Reporting Act 15USC 1681 violations for willful noncompliance - 616. Civil liability for willful noncompliance [ 15 U.S.C. 1681n ] Thank you, XXXX XXXX Enclosed : copy of ID and XXXX XXXX showing proof of address",,"National Credit Adjusters, LLC",CA,,Web,Closed with explanation,1,,2024,10,1,Debt collection
2024-01-22,Debt collection,Credit card debt,False statements or representation,Attempted to collect wrong amount,,,"Spring Oaks Capital, LLC",IL,,Web,Closed with explanation,1,,2024,1,0,Debt collection
2023-06-12,Debt collection,I do not know,Attempts to collect debt not owed,Debt is not yours,,Company has responded to the consumer and the CFPB and chooses not to provide a public response,CREDIT ACCEPTANCE CORPORATION,AL,,Web,Closed with explanation,1,,2023,6,0,Debt collection
2014-02-15,Mortgage,FHA mortgage,"Loan servicing, payments, escrow account",,,,Ocwen Financial Corporation,AZ,,Web,Closed with explanation,1,0.0,2014,2,0,Mortgage
2023-01-05,Checking or savings account,Checking account,Closing an account,Funds not received from closed account,,Company has responded to the consumer and the CFPB and chooses not to provide a public response,"BANK OF AMERICA, NATIONAL ASSOCIATION",FL,,Web,Closed with monetary relief,0,,2023,1,0,Bank account / service
2014-12-18,Bank account or service,Checking account,Deposits and withdrawals,,,,"BANK OF AMERICA, NATIONAL ASSOCIATION",VA,,Web,Closed with explanation,1,0.0,2014,12,0,Bank account / service
2021-04-16,"Money transfer, virtual currency, or money service",Virtual currency,Other transaction problem,,"XXXX wrongfully charged me for a service that I did not order, through PayPal. The funds were not available to cover it and I attempted to let them know. They still forced the transaction and instead of PayPal rejecting the cost, they forced a cash account that had no funds to create a debt. I attempted to file a complaint with PayPal and their issue is that the service was close to what the original order request was ordered and not that the charge should have never taken place since the funds were unavailable. So I wouldlike to file a complaint against PayPal for their wrongful transactions.",,"Paypal Holdings, Inc",WI,,Web,Closed with non-monetary relief,1,,2021,4,1,Money transfer / service
2020-10-06,Debt collection,Credit card debt,Took or threatened to take negative or legal action,Threatened or suggested your credit would be damaged,"I recieved my first email from LVNV on XX/XX/2020 requesting attention be given to a credit card account that I was unable to pay due to being unemployed. I remember thinking, how unprofessional it was to request payment be made for a debt at the very time COVID had started to affect employment, causing employers to shut down and stay in place orders were in place. At that time I was recieving only Welfare as income and food stamps as food. LVNV continued to contact via email at least once a week to place their payment before the immediate needs of what the pandemic had already caused. Statements such as Fullfill your obligation, resolve your responsibility, if you take care of matters now, then you can get back to what matters, just to name a few. The following is a list of dates this year 2020, that I recieved emails into my personal email account from LVNV, from the very first to current : XX/XX/XXXX, XX/XX/XXXX, XX/XX/XXXX, XX/XX/XXXX, XX/XX/XXXX, XX/XX/XXXX, XX/XX/XXXX, XX/XX/XXXX, XX/XX/XXXX, XX/XX/XXXX, XX/XX/XXXX, XX/XX/XXXX, XX/XX/XXXX, XX/XX/XXXX, XX/XX/XXXX, XX/XX/XXXX, XX/XX/XXXX, XXXX XXXX, XX/XX/XXXX, XX/XX/XXXX, XX/XX/XXXX, XX/XX/XXXX, XX/XX/XXXX, XX/XX/XXXX, XX/XX/XXXX, XX/XX/XXXX, XX/XX/XXXX, XX/XX/XXXX. I have all emails sent from company and can forward if needed. Initial person of contact was XXXX XXXX, the XXXX XXXX, now its been consistently XXXX XXXX. I jus strongly feel this company have been extremely inappropriate to contact as much and say the things they do to collect a credit card debt when the main global concern at this time is COVID-19 deaths and continued loss of employment opportunities.",,Resurgent Capital Services L.P.,CA,,Web,Closed with explanation,1,,2020,10,1,Debt collection
2015-11-28,Bank account or service,Checking account,Deposits and withdrawals,,,Company chooses not to provide a public response,WELLS FARGO & COMPANY,AZ,,Web,Closed with explanation,1,0.0,2015,11,0,Bank account / service
2022-02-13,Debt collection,Other debt,Attempts to collect debt not owed,Debt is not yours,"LVNV Funding LLC pushed someone's unpayed account to their debt collection servicer Resurgent Capital Services. LVNV Funding states they acquired an account from XXXX XXXX XXXX. The XXXX account owner 's name does not match mine. The alleged account owner lived in a state where I have never been in residence. I've never done business with and never had an account w/ XXXX XXXX THE DEBT IS NOT MINE. According to XXXX Resurgent Capital Services, LVNV Funding LLC, & XXXX, XXXX are total scam companies. So, no why would I contact a scammer. Went straight to CFPB, FTC, & BBB.",,Resurgent Capital Services L.P.,CA,,Web,Closed with explanation,1,,2022,2,1,Debt collection
2022-12-09,Credit card or prepaid card,Store credit card,Problem with a purchase shown on your statement,Card was charged for something you did not purchase with the card,"Purchase made at store location in XXXX MT on XXXX/XXXX/22. 

A commercial credit card was used to purchase blinds for a rental home in XXXX. 

The store employee had difficulty "" getting the payment to go through. '' The purchase in dispute is for {$990.00} worth of blinds. I was given the following receipts at the customer support counter : Trans # : XXXX {$1000.00} ( {$990.00} + XXXX tax ) Trans # : XXXX + {$1000.00} ( Credit ) Trans # : XXXX {$990.00} The XXXX/XXXX/22, statement included the following charges and credits from the XXXX Store : XX/XX/22 invoice # : XXXX {$1000.00} XX/XX/22 invoice # : ( {$1000.00} ) XXXX/XXXX/22 invoice # : XXXX {$990.00} XXXX/XXXX/22 invoice # : XXXX {$990.00} I am certain the the extra {$990.00} is an erroneous double charge, and I have disputed it XXXX times. In all this time, I have not received any written documentation from Synchrony bank regarding the resolution of the first XXXX disputes, and was only informed of it being in Lowes favor when I called the customer support number on the Lowes statements. 

Regardless of their previous decisions, I am continuing the dispute the charge because I did not get XXXX sets of merchandise worth {$990.00} on XXXX/XXXX/22 from the XXXX Lowes Store. I have spent a lot of time on the phone and organizing my records to deal with this incorrect charge, and it is still not settled.",Company has responded to the consumer and the CFPB and chooses not to provide a public response,SYNCHRONY FINANCIAL,UT,,Web,Closed with monetary relief,1,,2022,12,1,Credit card
2016-11-29,Credit card,,Unsolicited issuance of credit card,,"I went into a jewelry store to look at some XXXX watches between XXXX-XXXXm on XX/XX/2015. A salesman talked me into seeing how expensive of a XXXX I could finance. It was a Sunday and I thought "" why not? "". The guy sat me down, and asked me for some credit information. Told me I could afford {$2400.00} of watch to finance. I did not purchase anything at the store and walked out. Shortly after, I received a credit card in the mail - I thought it was a fake promotional card. It was a card from this jewelry store, account opened XX/XX/2015, the same month and the first and only time I entered that store. The salesperson did not have my permission to open a credit card account, and I never knowingly gave my consent for him to do this. I was asked for my financial information under the notion that it would be used to determine my credit worthiness - opening an account under my name was NEVER mentioned. As soon as I received the credit card, I called the creditor to cancel the account. 

I have attached a screenshot from my credit report - the trended data shows that I never used this card. I never had use for it because I was never interested in applying for a card.",,TD BANK US HOLDING COMPANY,TX,,Web,Closed with non-monetary relief,1,0.0,2016,11,1,Credit card
2020-08-03,Debt collection,Other debt,Attempts to collect debt not owed,Debt is not yours,"in XXXX i tried to buy a mattress and have it leased through acima. i never received the mattress and in that time i had also loss my phone number yet i still contacted acima telling them i never received the mattress and would not need to have it leased anymore. in XXXX i realized that it is still trying to be collected even though the lease wasn't needed and i never got the product it was intended for. they still wont remove it and say i still owe. I have contacted this company and the company i tried to get the mattress through and both were non-caring and very unhelpful, needless to say if it seems like a scam it probably is. The original company i tried to work with went under for fraud and a new owner is running the mattress "" company '' he wouldn't have had to owe anything all he had to do was cancel the order to the lease firm. he would not do so for no apparent reason other than to make my life difficult and teach me a lesson. I just don't understand people anymore and dint want it to be this big of a deal but if the original person went away for fraud you think he would try to make the company look good, but like i said before if it looks like a scam it probably is,",,"ACIMA CREDIT, LLC",IA,,Web,Closed with explanation,1,,2020,8,1,Debt collection
2026-02-09,Debt collection,I do not know,Took or threatened to take negative or legal action,Threatened or suggested your credit would be damaged,,,ENCORE CAPITAL GROUP INC.,CA,,Web,Closed with explanation,1,,2026,2,0,Debt collection
2022-08-26,"Payday loan, title loan, or personal loan",Installment loan,Problem with additional add-on products or services,,,Company has responded to the consumer and the CFPB and chooses not to provide a public response,1st Franklin Financial Corporation,GA,,Web,Closed with explanation,1,,2022,8,0,Payday loan / title / personal
2014-03-12,Debt collection,I do not know,Cont'd attempts collect debt not owed,Debt resulted from identity theft,,,"Paypal Holdings, Inc",KS,Servicemember,Web,Closed with monetary relief,1,1.0,2014,3,0,Debt collection
2022-05-27,Debt collection,Other debt,Took or threatened to take negative or legal action,Threatened or suggested your credit would be damaged,"STATEMENT OF FACTS : 1. On XX/XX/XXXX, XXXX XXXX, hereinafter Respondent, made presentment of a PRIVATE ADMINISTRATIVE REMEDY DEMAND No. XXXX, incorporated herein in its entirety as Attachment A, to CONCORD SERVICING CORPORATION XXXX hereinafter Debt Collector, for the setoff, settlement, and closure of Account No. XXXX, hereinafter Account, sent via XXXX Registered Mail, XXXX XXXX. XXXX. 
2. Enclosed was an Offer of Performance, Tender of payment ( promissory note ) and Debt Collector Disclosure Statement, incorporated herein in its entirety as Attachment A giving twenty one ( 21 ) days for response. 
3. On XX/XX/XXXX, XXXX XXXX, made presentment of a NOTICE OF FAULT AND OPPORTUNITY TO CURE AND CONTEST ACCEPTANCE incorporated herein in its entirety as Attachment A, to CONCORD SERVICING CORPORATION, sent via XXXX, Article No. XXXX, giving debt collector XXXXen ( 10 ) days to respond 4. Debt Collectors failure to sufficiently respond or timely honor the Presentment, by the terms of the Presentment, constitutes Debt Collectors acceptance and approval of the OFFER OF PERFORMANCE contained therein. 
5. As of XX/XX/XXXX Respondent has not received sufficient response to the Presentment, thereby placing the Debt Collector at fault, as evidenced by the CERTIFICATE OF NON-PERFORMANCE dated XX/XX/XXXX, a record of which is attached hereto as Attachment A. 
6. Debt Collectors failure to sufficiently respond or timely honor the Fault Notice, by the terms of the Fault Notice, constitutes Debt Collectors acceptance and approval of the OFFER OF PERFORMANCE incorporated with the Presentment. 
7. Debt Collectors acceptance and approval of the TENDER OF PAYMENT ( Money Order ) constitutes Debt Collectors agreement to the stipulated aggregate amount of unpaid obligations being XXXX ( {$0.00} ) and XXXX/XXXX dollars. 
8. Debt Collector has defaulted. 
9. As an operation of law, Debt Collector by dishonor of the Presentment and the Fault Notice has created a default. 

XXXX XX/XX/XXXX XXXX sent a "" verification of debt '' letter to myself. It stated "" please find enclosed a copy of your signed contract and/or other documents validating such debt '' Enclosed were "" 0 '' documents or signed agreements. There was nothing else enclosed. Stating there were enclosed documents was false. XXXX also stated in the document that collection activity will commence. 

XXXX XX/XX/XXXX XXXX received my notice of default and consent to judgement and has still failed to respond",Company has responded to the consumer and the CFPB and chooses not to provide a public response,Concord Servicing Corporation,CA,,Web,Closed with explanation,1,,2022,5,1,Debt collection
2026-03-05,Credit card,General-purpose credit card or charge card,Problem with a purchase shown on your statement,Credit card company isn't resolving a dispute about a purchase on your statement,,,PNC Bank N.A.,DE,,Web,In progress,1,,2026,3,0,Credit card
2024-08-27,Checking or savings account,CD (Certificate of Deposit),Managing an account,Deposits or withdrawals,,Company has responded to the consumer and the CFPB and chooses not to provide a public response,"CITIBANK, N.A.",CA,,Referral,Closed with monetary relief,1,,2024,8,0,Bank account / service
2025-05-17,Checking or savings account,Checking account,Problem caused by your funds being low,Overdrafts and overdraft fees,"On XX/XX/year>, my Bank of America online profile was compromised. An unauthorized payee was added to my account, and several wire transfers were subsequently initiated to this same payee. I received alerts indicating that my user ID had been accessed, my password had been changed, and a new beneficiary had been added. I immediately contacted Bank of America to report each of these suspicious activities. 

I was initially informed that the wire transfers had been flagged and placed on hold ; however, my available balance was still affected. After multiple unsuccessful attempts to resolve the issue remotely, I flew from XXXX to XXXX on XX/XX/year>, and visited the Bank of America branch in XXXX XXXX, where I met with XXXX XXXX XXXX ( XXXX ). Bank of America conducted an internal investigation and confirmed the fraud. On XX/XX/XXXX, a reimbursement of {$54000.00} USD was deposited into my account, covering the fraudulent transactions and related fees. 

During this branch visit, I requested the closure of my checking account ending in XXXX. However, the bank declined, citing the ongoing investigation. I also took all possible security measures by changing my user credentials and enabling XXXX XXXX  authentication. 

Unfortunately, despite these steps, the breach occurred again on XX/XX/XXXX. My password was reset, XXXX XXXX  was disabled, and the same fraudulent payee was re-added. Additional wire transfers were initiated, again triggering security alerts. I contacted Bank of America immediately and was told that wire transfer capabilities had been removed and all beneficiaries deleted. I verified these changes through my online banking access, but I continued to receive alerts and observed unauthorized transactions on my account. 

The recurrence of this breach, involving the same recipient and similar transaction patterns, demonstrates a systemic failure in securing my accounts and preventing repeat fraud. Despite my diligence and direct communication with the bank, my account remains vulnerable, and I have suffered repeated financial and emotional distress as a result. 

I am requesting the CFPBs assistance in investigating this matter, ensuring that Bank of America upholds its responsibilities in protecting consumer accounts, and securing a full resolutionincluding the return of all funds lost due to this breach.",Company has responded to the consumer and the CFPB and chooses not to provide a public response,"BANK OF AMERICA, NATIONAL ASSOCIATION",KS,,Web,Closed with monetary relief,1,,2025,5,1,Bank account / service
2020-10-21,Vehicle loan or lease,Loan,Problems at the end of the loan or lease,Problem with paying off the loan,"The statements does not match of my payments. I am paying more what I own and I called Capital one at : XXXX but hey have no clue what government agency regulates them. The customer service can't provide an accurate statements and they stoop sending me by regular mail teh statements. My account is : XXXX. 

My email address is : XXXX phone : XXXX Please email me and I summit my statements. 

Best regards",,CAPITAL ONE FINANCIAL CORPORATION,CA,,Web,Closed with explanation,1,,2020,10,1,Vehicle loan / lease
2025-06-06,Vehicle loan or lease,Loan,Getting a loan or lease,Problem with additional add-on products or services purchased with the loan,my experience with them was really awful. i bought a car yesterday XXXX XXXX and i agreed with the sales rep for an all inclusive price unfortunately when i talked to the finance department for a bank loan they tried to sell me ridiculous warranties and when i refused all of them i was charged extremely high interest and then the rep told me he had a good offer which was lower interest but he secretly and professionally increased the sale price of the car by about XXXX XXXXXXXX XXXX i noticed this the day after i bought the car and when i contacted them again they made me another ridiculous offer. The price I agreed on is {$40000.00} and the price they secretly changed is {$46000.00}. It's very clear,,AMERICAN HONDA FINANCE CORP,FL,,Web,Closed with explanation,1,,2025,6,1,Vehicle loan / lease
2025-04-12,Debt collection,Rental debt,Attempts to collect debt not owed,Debt was result of identity theft,,Company has responded to the consumer and the CFPB and chooses not to provide a public response,"ProCollect, Inc.",TX,,Web,Closed with explanation,0,,2025,4,0,Debt collection
2024-07-31,Debt collection,Other debt,Written notification about debt,Notification didn't disclose it was an attempt to collect a debt,,,"EQUIFAX, INC.",GA,,Web,Closed with non-monetary relief,1,,2024,7,0,Debt collection
2025-12-25,"Money transfer, virtual currency, or money service",Mobile or digital wallet,"Managing, opening, or closing your mobile wallet account",,,,"Block, Inc.",GA,,Web,Closed with explanation,1,,2025,12,0,Money transfer / service
2018-04-24,Credit card or prepaid card,Store credit card,Problem when making payments,Problem during payment process,,Company has responded to the consumer and the CFPB and chooses not to provide a public response,"CITIBANK, N.A.",NY,,Referral,Closed with explanation,1,,2018,4,0,Credit card
2024-09-05,Credit card,General-purpose credit card or charge card,Getting a credit card,Card opened without my consent or knowledge,,Company has responded to the consumer and the CFPB and chooses not to provide a public response,Experian Information Solutions Inc.,GA,,Web,Closed with explanation,1,,2024,9,0,Credit card
2018-05-12,Debt collection,Credit card debt,Attempts to collect debt not owed,Debt was result of identity theft,,Company has responded to the consumer and the CFPB and chooses not to provide a public response,WELLS FARGO & COMPANY,FL,,Web,Closed with explanation,1,,2018,5,0,Debt collection
2024-06-01,Mortgage,VA mortgage,Trouble during payment process,Trying to communicate with the company to fix an issue while managing or servicing your loan,They charged me 3 times for the month of XXXX and are typing to charge me again for the month of XXXX and XXXX. When I show them back statements and my bank confirms the payment they refuse to refund my payment. They have been no help.,Company has responded to the consumer and the CFPB and chooses not to provide a public response,Freedom Mortgage Company,TX,,Web,Closed with explanation,1,,2024,6,1,Mortgage
2024-12-17,Checking or savings account,Checking account,Managing an account,Problem accessing account,I need my XXXX to be unblocked or unrestricted for email XXXX and for phone number XXXX please unblock both and unrestricted them and remove them from them account on XXXX and XXXX both of them so I can use both of them at my new bank at XXXX XXXX they tell me to contact yall to get it unblocked or restricted and please at screenshots of the issue I am facing with XXXX XXXX XXXX enrollment etc.,,"CITIZENS FINANCIAL GROUP, INC.",PA,,Web,Closed with explanation,1,,2024,12,1,Bank account / service
2020-10-03,Credit card or prepaid card,General-purpose prepaid card,Trouble using the card,Trouble using the card to spend money in a store or online,,,Incomm Holdings Inc.,IL,,Web,Closed with explanation,1,,2020,10,0,Credit card
2022-07-19,Checking or savings account,Checking account,Managing an account,Deposits and withdrawals,,Company has responded to the consumer and the CFPB and chooses not to provide a public response,U.S. BANCORP,OH,Older American,Phone,Closed with monetary relief,1,,2022,7,0,Bank account / service
2024-05-12,Student loan,Federal student loan servicing,Dealing with your lender or servicer,Trouble with how payments are being handled,,Company believes it acted appropriately as authorized by contract or law,MOHELA,AZ,,Web,Closed with explanation,1,,2024,5,0,Student loan
2025-05-03,Checking or savings account,Checking account,Problem with a lender or other company charging your account,Transaction was not authorized,,,JPMORGAN CHASE & CO.,,,Web,Closed with explanation,1,,2025,5,0,Bank account / service
2018-10-24,"Payday loan, title loan, or personal loan",Installment loan,Charged fees or interest you didn't expect,,"The apr on this Loan is over 30 %. When I called asking to refi, I was told I had to wait 2 days. When I asked if I could modify the loan I was told no and would not be able to help me. I was told to contact a different company for help, they repeated a script over and over and when I asked to speak to a supervisor they told me no and someone would call me back. No one called me back, this all happened on XX/XX/2018. They would prefer I default and file bankruptcy verses working this out with me. This is predatory lending.",,Lending Club Corp,IN,,Web,Closed with explanation,1,,2018,10,1,Payday loan / title / personal
2018-01-01,Student loan,Private student loan,Incorrect information on your report,Old information reappears or never goes away,,,"Navient Solutions, LLC.",NC,Servicemember,Web,Closed with explanation,1,,2018,1,0,Student loan
2024-09-05,Checking or savings account,Checking account,Managing an account,Problem accessing account,Cash app sent me an email to verify my i.d and at the time I did not have my i.d present so I hit the back button thinking I can finish it later and at that point they told me that I failed to comply and can no longer order a new debit card but I can continue using the app for transactions.,,"Block, Inc.",CA,,Web,Closed with explanation,1,,2024,9,1,Bank account / service
2023-04-24,Credit card or prepaid card,Gift card,Trouble using the card,Trouble using the card to spend money in a store or online,,,Google Compare Credit Cards Inc.,PA,Older American,Phone,Closed with explanation,1,,2023,4,0,Credit card
2025-03-06,"Money transfer, virtual currency, or money service",Mobile or digital wallet,Unauthorized transactions or other transaction problem,,"On XX/XX/year>, I sent a payment to a recipient for {$20.00} using the CASHApp mobile application. That transaction appears as a debit authorization. On XX/XX/year>, CASHApp, according to information received from the financial institution, initiated another transaction and debited the account for {$20.00}. This transaction was unauthorized. I did not make nor authorize CASHApp to initiate a separate debit transaction. This appears to be a recurring problem whenever using CASHApp and as a result of this practice, there is an outstanding debit authorization from XX/XX/year> in the amount of {$20.00} that has been taken from the available account balance in addition to the unauthorized debit initiated by CASHApp on XX/XX/year>.",,"Block, Inc.",MD,,Web,Closed with explanation,1,,2025,3,1,Money transfer / service
2024-05-02,Mortgage,Conventional home mortgage,Closing on a mortgage,Closing disclosure or other related disclosures,"We are set to close on XX/XX/XXXX. This is the result of an extension request, as we were supposed to originally close on XX/XX/XXXX. 

We received conditional approval on XX/XX/XXXX. With the approval came a list of items we had to complete, including paying off our auto loan. We completed everything on the list. On XXXX we were notified that there was now a new condition, which required us to have cash reserves. Again, this was not disclosed to us at the beginning of this process and before we put an offer on the home and it was accepted in ( XX/XX/XXXX ), nor was it disclosed after we were in the closing process. The loan processor said that the requirement for cash reserves was implied since they asked us for documentation of our retirement accounts. Truist admitted that they never told/ disclosed this on the conditions list nor verbally. We are 24 hours from closing and still have not been given a clear to close. 

Attached is our conversations surrounding the conditional loan approval",Company has responded to the consumer and the CFPB and chooses not to provide a public response,TRUIST FINANCIAL CORPORATION,VA,,Web,Closed with explanation,1,,2024,5,1,Mortgage
2016-09-29,Credit card,,Billing statement,,"Citibank took over the credit card service for Costco members. I received a new Citibank Visa. Then, I received one statement and paid it. My FICO score is well over XXXX because I pay all my credit card bills on time and in full. On the next Citibank statement I received, it showed an unpaid balance from a previous month, a late fee of {$25.00}, and interest of just over {$7.00}. Citibank claims I should have known the billing cycle was that payments were due on the XXXX of the month. With only one bill having been sent, there was no "" billing cycle. '' Clearly, Citibank is taking advantage of consumers by failing to send statements and, then, collecting {$25.00} late charges and interest. With the thousands of Costco members, Citibank could end up with millions of dollars, with this scheme. I strongly suspect that Citibank is engaged in this scheme, for profit, taking advantage of its new relationship with Costco members and the members ' lack of familiarity with Citibank 's billing.",Company has responded to the consumer and the CFPB and chooses not to provide a public response,"CITIBANK, N.A.",CA,,Web,Closed with monetary relief,1,0.0,2016,9,1,Credit card
2022-01-22,"Payday loan, title loan, or personal loan",Payday loan,Charged fees or interest you didn't expect,,,,Solar Mosaic LLC,CA,,Web,Closed with explanation,1,,2022,1,0,Payday loan / title / personal
2024-01-26,Debt collection,Rental debt,Electronic communications,"You told them to stop contacting you, but they keep trying",,,"HW Holding, Inc",TX,,Web,Closed with explanation,1,,2024,1,0,Debt collection
2024-10-01,Credit card,General-purpose credit card or charge card,Incorrect information on your report,Account status incorrect,,Company has responded to the consumer and the CFPB and chooses not to provide a public response,Experian Information Solutions Inc.,IL,,Web,Closed with explanation,1,,2024,10,0,Credit card
2020-11-14,Mortgage,Conventional home mortgage,Applying for a mortgage or refinancing an existing mortgage,,"On XX/XX/XXXX- I was contacted by XXXX XXXX for XXXX XXXX XXXX XXXX because of a home I inquired about on the XXXX site. I was pre-approved by a lender in California for {$540000.00}, but the lender did not service New Jersey so XXXX informed me of a lender she works with name XXXX XXXX from Greentree Morgage Company. Being a XXXX  resident and relocating to XXXX XXXX, I trust XXXX to link me with a lender that will be professional and get the job done. My first contact with Mr. XXXX on XX/XX/XXXX. I provided in detail that I was relocating and that I was work remotely and would continue until I secured a XXXX position in XXXX XXXX. I asked would there be any issues before I go forward with running my credit. I also email my XXXX  pre-approval and underwrite documents for his review. I did not hear from Mr.XXXX  for a few days, I remain in contact with Ms. XXXX. When I finally was able to reach Mr. XXXX he explains that because I was working remotely, I was not able to secure a loan until received a job offer, but we could continue the loan process, but will not able to close until I secure employment. I informed him I would like to continue moving forward with the process. I contacted XXXX  Lender and inquired about purchasing a home out of state. I was informed that there were two options : I could purchase as a second home at 10 % or purchase as an investment property at a 20 % down payment. I found a townhome for $ XXXX, I immediately contact Ms. XXXX informing her that I want to do the second home option. Ms.XXXX  contacts Mr. XXXX requesting a pre-approval for $ XXXX. She received, made the offer, and it was accepted. On XX/XX/XXXX, I received an email from Mr. XXXX stated he needed my monthly income, I email it to him. I received another email requesting a copy of all bank statements ASAP. I send and text him it was completed and please confirm once received. He did confirm received. I received another email stated he needed a copy of my co-signer retirement. I replied informing him I told him when asked by XXXX whether or not will I use and co-signer, I told her no because the property amount was lower than the property I was purchasing in XXXX. The pre-approval that XXXX received only listed me as the applicant. I expressed to Ms.XXXX Mr. XXXX disrespectful ; insulting questions and inappropriate comments. I expressed that I know each state was different, but his behavior has nothing to do with state real estate. He does not respond to my question on email or text. He asked me about XXXX ( I do not know if that's someone's first or last name ) and my co-signer is XXXX XXXX, I asked did he mean XXXX XXXX or was he confusing me with another client. I received no responses. He emails me requesting documents that he confirmed he received. He stated he is working remotely and can not remember. I asked where my documents following the privacy act, because I had sent the same documents multiply times. I again, express my concern with Ms. XXXX, she agrees to speak with Mr. XXXX and also Ms. XXXX XXXX to ensure we are on the same accord and moving forward. Also, we concerned about working with another lender because of the dissatisfaction with the services, I am receiving. Ms.XXXX spoke with Ms. XXXX and she was going to give me a call letter that day. I received a call and express what was according to XXXX XXXX ( branch manager of Greentree Mortgage ). She informed me she would review my documents and give me a call. I informed her that I was flying into New Jersey that night and feel free to email me if anything is needed. She requests another copy of my XXXX w2, I email and asked her to confirmed received. I did not receive a call so I contact Ms. XXXX for an update. She stated that I would need a co-signer. I asked why, and she stated that they have to consider my rent from my primary residence, I informed her that I am currently in XXXX XXXX residing with family and I do not pay any rent. I informed her the only debt I have is student loans. She stated my car payment and informed her that it was payoff by the insurance company and I have a letter from XXXX and a copy of the transfer of title. It was paid off in XXXX and I was informed it would take a few weeks before it shows paid. I offered to send those documents and because she did not believe I was in XXXX XXXX proof of flight and PODs storage receipt. I asked for a corporate email to express the treatment I was receiving. She stated she would have to find it giving that Mr. XXXX is the branch manager. On XXXX XXXX Ms. XXXX stated that she was sending my file to the underwritten supervisor to review. The next morning I received, an email requesting a letter from my employer the questions are : 1. Will the letter say that she is a fully remote teacher and can work permanently from XXXX? 
2.As far as continuance of income, I assume she only has a 1-year contract. Will the school say the contract can be renewed with her working out of state? 

I do not understand if it's a second mortgage why would it provide a letter indicating permanently resides in New Jersey. How can anything be promised job security for next year? Also, I had informed Mr. XXXX that I will seek employment in the tri-state area. I provide proof of on had monies that could cover the home expensive. 

I asked for the underwritten supervisor 's contact information for letter clarification. Ms. XXXX stated : Hi XXXX, We are not permitted to release their contact information. Underwriters do not speak with borrowers/clients. When you provide the information they requested, we would email it back to them for their review. 
Again, I requested a copy of all my documents : underwritten, credit report, and the pre-approval. I have not received them.",,GREENTREE MORTGAGE CO. L.P.,NJ,,Web,Closed with explanation,1,,2020,11,1,Mortgage
2024-01-11,"Money transfer, virtual currency, or money service",Check cashing service,Confusing or misleading advertising or marketing,,"Violation of Arbitration agreement 15 USC 6802, 15 USC 6803, 15 USC 6804 and 15 USC 6805 Sharing my personal information and accounting",Company has responded to the consumer and the CFPB and chooses not to provide a public response,TRUIST FINANCIAL CORPORATION,FL,,Web,Closed with explanation,1,,2024,1,1,Money transfer / service
2021-06-05,Debt collection,Credit card debt,Written notification about debt,Didn't receive enough information to verify debt,,Company has responded to the consumer and the CFPB and chooses not to provide a public response,Rausch Sturm LLP,MN,"Older American, Servicemember",Web,Closed with explanation,1,,2021,6,0,Debt collection
2019-07-05,Mortgage,Conventional home mortgage,Trouble during payment process,,,,Ocwen Financial Corporation,AZ,,Web,Closed with explanation,1,,2019,7,0,Mortgage
2025-07-16,Debt collection,I do not know,Attempts to collect debt not owed,Debt is not yours,"I want to stress that I did not give written permission for these specific transactions to be included in my consumer report. At no point did I authorize these entries, and their presence on my report is unwarranted. Consequently, I am formally requesting that these accounts be blocked and removed from my report immediately. It is important to clarify that this request is not due to any error or negligence on my part. There has been no oversight or misunderstanding on my end. Instead, this issue arises solely from the fact that I did not explicitly authorize the inclusion of these transactions in my report. I am diligent about maintaining the accuracy and privacy of my financial records, and these unauthorized entries compromise that integrity. I trust that you will handle this matter with the urgency and seriousness it deserves. Please confirm the removal of these transactions from my report as soon as possible. Thank you for your prompt attention to this issue.",,"EQUIFAX, INC.",GA,,Web,Closed with explanation,1,,2025,7,1,Debt collection
2024-11-11,Checking or savings account,Checking account,Closing an account,Company closed your account,Navy just closed my account after sumbody took money from me,Company believes it acted appropriately as authorized by contract or law,NAVY FEDERAL CREDIT UNION,GA,,Web,Closed with explanation,1,,2024,11,1,Bank account / service
2024-10-11,Debt collection,I do not know,Took or threatened to take negative or legal action,Threatened or suggested your credit would be damaged,,Company has responded to the consumer and the CFPB and chooses not to provide a public response,SYNCHRONY FINANCIAL,FL,,Web,Closed with non-monetary relief,1,,2024,10,0,Debt collection
2023-01-06,Credit card or prepaid card,Store credit card,Problem with a purchase shown on your statement,Card was charged for something you did not purchase with the card,"Hi, I would like to file a complaint in hopes of rectifying a situation I have with Synchrony Bank. I have made several attempts to clear this matter up with the bank before contacting your agency. 

On XX/XX/2022, XXXX XXXX  I opened a XXXX account to purchase an automotive fuel injection kit. 
I also have XXXX XXXX  account with Synchrony Bank. These XXXX accounts are being confused. 

The issue arose when someone at the bank charged my purchase from XXXX XXXX to my XXXX XXXX account. I asked for a correction of this situation as soon as I discovered the situation. I was told it would be corrected several times but that has not happened. 

Someone made a mistake in posting this transaction to the wrong account and I am having to go through this process to correct the matter. 

The item I purchased should be charged to account XXXX XXXX XXXX. This would make this situation correct. I clearly opened the account for this purchase. 

I am also being interest at the wrong rate because the balance that has occurred because of this error. 

The invoice I included clearly states the item was purchased to the XXXX XXXX XXXX XXXX. Its toward the bottom of the invoice on the left side. 

I truly hope you can help me with this matter. I have enclosed a copy of the invoice. If you towards the bottom it clearly states the charge was made to XXXX. That did not happen and I need your help. 

Respectfully",Company has responded to the consumer and the CFPB and chooses not to provide a public response,SYNCHRONY FINANCIAL,CA,Servicemember,Web,Closed with non-monetary relief,1,,2023,1,1,Credit card
2024-08-26,Debt collection,I do not know,Communication tactics,Called before 8am or after 9pm,,,"Portfolio Recovery Associates, LLC",KS,,Web,Closed with non-monetary relief,1,,2024,8,0,Debt collection
2012-09-24,Credit card,,Rewards,,,,AMERICAN EXPRESS COMPANY,UT,,Web,Closed with explanation,1,0.0,2012,9,0,Credit card
2025-12-18,Checking or savings account,Checking account,Managing an account,Problem using a debit or ATM card,,Company has responded to the consumer and the CFPB and chooses not to provide a public response,"CITIBANK, N.A.",CA,,Web,Closed with explanation,1,,2025,12,0,Bank account / service
2024-04-25,Checking or savings account,Other banking product or service,Closing an account,Funds not received from closed account,,,"Paypal Holdings, Inc",MA,,Web,Closed with explanation,1,,2024,4,0,Bank account / service
2022-12-15,Credit card or prepaid card,General-purpose credit card or charge card,Trouble using your card,Can't use card to make purchases,,,CAPITAL ONE FINANCIAL CORPORATION,CA,Servicemember,Web,Closed with explanation,1,,2022,12,0,Credit card
2024-11-08,Credit card,Store credit card,Getting a credit card,Card opened without my consent or knowledge,XXXX XXXX XXXX XXXX XXXX XXXX XXXX XXXX said he needed my SSN so he can do a soft pull on my credit to make sure I have good credit. I was never made aware that I was applying to a credit card and that the company under would be mattress firm. I called a phone number provided by XXXX credit report and found out that I have a credit card that I never authorized to open.,Company has responded to the consumer and the CFPB and chooses not to provide a public response,"TRANSUNION INTERMEDIATE HOLDINGS, INC.",NM,,Web,Closed with non-monetary relief,1,,2024,11,1,Credit card
2016-09-17,Debt collection,Credit card,Disclosure verification of debt,Not given enough info to verify debt,"This collection company is continuing their collection activity on this account on my credit report. I feel they did not validate this account or debt per my request that I sent them in the mail previously. They have not provided signed proof that I incurred this debt, an itemization of the debt and a copy of the underlying account statement and other written validation and explanation of the debt. 

Being that they failed to provide it, this is a clear violation of FDCPA. Proper validation consists of copies of some type of current creditor records, not records which only verify that the collector believes an account is valid. 

They are also violating the Fair Credit Reporting Act ( FCRA ) by reporting inaccurate information on my credit report : Account Number : XXXX Balance : {$1200.00} Original Creditor : XXXX",,"CAVALRY INVESTMENTS, LLC",NJ,,Web,Closed with explanation,1,0.0,2016,9,1,Debt collection
2026-02-22,"Payday loan, title loan, personal loan, or advance loan",Installment loan,Problem when making payments,,,,1st Franklin Financial Corporation,LA,,Web,Closed with explanation,1,,2026,2,0,Payday loan / title / personal
2025-02-13,Checking or savings account,Checking account,Managing an account,Deposits and withdrawals,,Company has responded to the consumer and the CFPB and chooses not to provide a public response,WELLS FARGO & COMPANY,GA,,Web,Closed with monetary relief,1,,2025,2,0,Bank account / service
2014-01-10,Debt collection,"Other (i.e. phone, health club, etc.)",Disclosure verification of debt,Not given enough info to verify debt,,,Resurgent Capital Services L.P.,TX,,Postal mail,Closed with explanation,1,0.0,2014,1,0,Debt collection
2017-05-03,Debt collection,Other debt,Communication tactics,"You told them to stop contacting you, but they keep trying",,,"EOS Holdings, Inc.",SC,,Web,Closed with explanation,1,,2017,5,0,Debt collection
2024-10-26,Checking or savings account,Checking account,Managing an account,Deposits and withdrawals,"I'm a XXXX XXXX XXXX XXXX XXXX XXXX XXXX XXXXand in person visit to trust bank. 
I have problems in XXXX XXXX. 
Lost my bank summary statements to suntrust bank in XXXX XXXX XXXX through XXXX. 
2. I lost my wallet and all contents.",Company has responded to the consumer and the CFPB and chooses not to provide a public response,TRUIST FINANCIAL CORPORATION,MD,Servicemember,Web,Closed with explanation,1,,2024,10,1,Bank account / service
2022-02-03,Checking or savings account,Checking account,Managing an account,Deposits and withdrawals,,,"HUNTINGTON NATIONAL BANK, THE",OH,,Phone,Closed with monetary relief,1,,2022,2,0,Bank account / service
2022-05-27,"Money transfer, virtual currency, or money service",Mobile or digital wallet,Unauthorized transactions or other transaction problem,,XXXX XXXX received email from PayPal re : purchase of crypto currency and then XXXX banking accounts were compromised when I called the number on the email. Started receiving multiple phone calls and requests for gift cards to reduce debt XXXX dont have a Papal account but was given verification XXXX and the name XXXX XXXX XXXX XXXX PayPal Id # XXXX was the scammer who continued to call and aggressively direct me to purchase gift cards to lower my debt. This went on for 2 days until I blocked the calls and notified my bank. Money had already been taken out of my savings account,,"Paypal Holdings, Inc",LA,Older American,Web,Closed with explanation,1,,2022,5,1,Money transfer / service
2024-09-04,Checking or savings account,Checking account,Opening an account,Account opened without my consent or knowledge,"A bank account with Chase Bank was opened around XX/XX/2024. I received a notice regarding my address was updated for my bank account. So I called to see if a bank account was in my name. They stated yes, so they removed the funds and closed the account.",,JPMORGAN CHASE & CO.,GA,Servicemember,Web,Closed with explanation,1,,2024,9,1,Bank account / service
2021-07-27,Mortgage,VA mortgage,Struggling to pay mortgage,,,Company believes it acted appropriately as authorized by contract or law,Mr. Cooper Group Inc.,WI,Servicemember,Web,Closed with explanation,1,,2021,7,0,Mortgage
2016-12-08,Mortgage,Reverse mortgage,"Loan modification,collection,foreclosure",,,,"CIT BANK, NATIONAL ASSOCIATION",NJ,,Referral,Closed with explanation,1,0.0,2016,12,0,Mortgage
2025-02-12,"Money transfer, virtual currency, or money service",Domestic (US) money transfer,Other transaction problem,,"I am writing to formally express my concerns regarding Zelle 's handling of disputes, particularly in light of the recent CFPB lawsuit highlighting significant issues with the platform. Despite using Zelle numerous times and reporting discrepancies, my financial institution and Zelle failed to investigate my claims adequately. They informed me that recovering lost funds was impossible and that tracking these transactions was unfeasible. The CFPB 's findings indicate that Zelle has not only neglected to protect consumers but has also allowed repeat offenders to exploit the system, leaving users vulnerable to scams. This lack of accountability and transparency is unacceptable and raises serious concerns about consumer safety.",,"Early Warning Services, LLC",TX,,Web,Closed with explanation,1,,2025,2,1,Money transfer / service
2019-02-28,Credit card or prepaid card,Government benefit card,Unexpected or other fees,,"I misplaced my XXXX XXXX card I continuously called XXXX XXXX for three days and got no answer. I even tried to send an email to the company  asking them to cancel my card and still no response. Finally I reached them on the third day, up until the third day my money was still on the card. At that time I had only XXXX left on the card that previously had XXXX on it. I was furious I called the police to get to the bottom of this and was given a police report number which I sent to the company along with the disputes of transactions on my cord. I later received a letter in the mail from XXXX XXXX saying no fraudulent activities had been done on this card. I couldn't believe it. What happen was my grandchildren ages XXXX and XXXX was playing XXXX on the telephone that I previously used to place an order on and the last 4 numbers to my card was still on the phone. The kids used those four number to log into the game and every time they hit the coin on the game it charged my debit card. Not knowing they was using my money on XXXX XXXX. I called XXXX and they was willing to word with me but XXXX XXXX refused to give me the information needed for XXXX to stop payment. This is a card that is used for my XXXX grandson and I would never authorize kids to use it to play games, that is just out of the question and I don't know anything about those games. I have custody of XXXX grandchildren and all monies received is for the car of the children. I can't find the police report number but I sent it with the report to XXXX XXXX. I can get it later from the police department and send it later.",,Comerica,VA,,Web,Closed with explanation,1,,2019,2,1,Credit card
2014-08-28,Debt collection,Auto,Cont'd attempts collect debt not owed,Debt is not mine,,,JPMORGAN CHASE & CO.,CA,,Web,Closed with explanation,1,0.0,2014,8,0,Debt collection
2024-01-04,Checking or savings account,Checking account,Closing an account,Company closed your account,Chime close my account I dont understand how or why,,Chime Financial Inc,NY,Servicemember,Web,Closed with explanation,1,,2024,1,1,Bank account / service
2018-07-27,Mortgage,VA mortgage,Struggling to pay mortgage,,,,NATIONSTAR MORTGAGE LLC,TX,Servicemember,Referral,Closed with explanation,1,,2018,7,0,Mortgage
2024-11-02,Debt collection,I do not know,False statements or representation,Attempted to collect wrong amount,,,ENCORE CAPITAL GROUP INC.,OK,,Web,Closed with explanation,1,,2024,11,0,Debt collection
2016-08-04,Debt collection,"Other (i.e. phone, health club, etc.)",Cont'd attempts collect debt not owed,Debt is not mine,,,"ResidentCollect, Inc.",TX,,Web,Closed,1,0.0,2016,8,0,Debt collection
2025-02-07,"Money transfer, virtual currency, or money service",Mobile or digital wallet,Unauthorized transactions or other transaction problem,,XXXX received fraud alert text message from CHASE asking about using an XXXX to get groceries {$360.00} ( all text messages were saved and shown at Bank on XXXX ) - I declined the amount and then it stated a rep from chase will call about it. They instructed me to remove the money from the account and to place on a digital google wallet card and open a new account because the original was compromised. XXXX and XXXX labeled from Texas were the phone numbers given to call and speak with someone about reporting this to the fraud department. After pulling the actual money from the checking and savings accounts for a total of {$7400.00}. After placing the money in the ATM - I also did not receive a text message about the deposit. They also stated that they would send a follow up email- which again never came. I attempted to open the card # they gave me in XXXX wallet XXXX exp XX/XX/year> and XXXX XXXX when I got to the verification screen it did not show my number- just the number to the bank. I called CHASE and explained what happened- all they said was they could do nothing because physical money was removed from the bank - they could not see any text messages I had received so they could do nothing. I went to my local branch in XXXX XXXX and explained again - the kind banker showed me that there was no text messages ( even though my text messages were identical to the new ones I had received ) and could not see anything but the withdrawal. We closed that checking account - opened a new one. The CHASE fraud team would not even take a report about the situation - I filed an online police report with XXXX XXXX ( will be attached ).,,JPMORGAN CHASE & CO.,OH,,Web,Closed with explanation,1,,2025,2,1,Money transfer / service
2025-03-07,Checking or savings account,Checking account,Managing an account,Deposits and withdrawals,,Company has responded to the consumer and the CFPB and chooses not to provide a public response,TRUIST FINANCIAL CORPORATION,VA,Older American,Web,Closed with explanation,1,,2025,3,0,Bank account / service
2025-10-17,Checking or savings account,Checking account,Managing an account,Problem using a debit or ATM card,I have unauthorized charge on my account for {$1700.00} that I did not make and chime declined my claim I want my money back please help me,,Chime Financial Inc,PA,,Web,Closed with explanation,1,,2025,10,1,Bank account / service
2024-04-26,Debt collection,Credit card debt,Attempts to collect debt not owed,Debt was paid,,,GOLDMAN SACHS BANK USA,IL,,Web,Closed with explanation,1,,2024,4,0,Debt collection
2022-03-17,Checking or savings account,Checking account,Opening an account,Account opened as a result of fraud,,Company has responded to the consumer and the CFPB and chooses not to provide a public response,"BANK OF AMERICA, NATIONAL ASSOCIATION",PA,,Web,Closed with explanation,1,,2022,3,0,Bank account / service
2024-09-16,Student loan,Private student loan,Struggling to repay your loan,Can't get other flexible options for repaying your loan,,,"Navient Solutions, LLC.",VA,,Web,Closed with explanation,1,,2024,9,0,Student loan
